protein,pool,seed,state,C,CA,N,NH,SAXS_chi2_per_point,CB
WT,base,20260929,pool,0.5020238865621681,0.3828300877758936,0.7888342586513709,0.2169275698028326,20.76285912160558,
WT,base,20260929,selected,0.424085704838012,0.3069124119358827,0.7794990991480939,0.21773188859517864,7.923795947108794,
WT,base,20261029,pool,0.5020238865621681,0.3828300877758936,0.7888342586513709,0.2169275698028326,20.76285912160558,
WT,base,20261029,selected,0.41952935574893835,0.3003923372208612,0.7919701283319605,0.21882105578041242,7.943380493002479,
WT,base,20261129,pool,0.5020238865621681,0.3828300877758936,0.7888342586513709,0.2169275698028326,20.76285912160558,
WT,base,20261129,selected,0.4280144014290195,0.3061878512103729,0.7802400701163377,0.2169891704605671,7.735178380524774,
WT,expanded,20260929,pool,0.49600202034752633,0.376416723634961,0.7872682414761997,0.21680363803875466,20.776019802280224,
WT,expanded,20260929,selected,0.4165286982861615,0.30261346043265847,0.7727207552027324,0.21848206867490536,7.337462871172237,
WT,expanded,20261029,pool,0.49600202034752633,0.376416723634961,0.7872682414761997,0.21680363803875466,20.776019802280224,
WT,expanded,20261029,selected,0.4162712037087329,0.29700677656192453,0.7778144252603414,0.21770191072376188,7.403312789437324,
WT,expanded,20261129,pool,0.49600202034752633,0.376416723634961,0.7872682414761997,0.21680363803875466,20.776019802280224,
WT,expanded,20261129,selected,0.4201069257292007,0.2956849021372708,0.7634221137144118,0.21709393714466335,7.8979476424258515,
AA,base,20260929,pool,0.49280420315982826,0.3959271226841113,1.352938242311406,0.16464072195189816,6.859315865992067,0.3439008202813515
AA,base,20260929,selected,0.40271353544546556,0.31012272453299466,1.3243982752519403,0.15500553938726794,2.8511801675957353,0.2951012210831618
AA,base,20261029,pool,0.49280420315982826,0.3959271226841113,1.352938242311406,0.16464072195189816,6.859315865992067,0.3439008202813515
AA,base,20261029,selected,0.39626097063921306,0.31193598656483307,1.3513283946162706,0.1577545291422506,2.9164156531434213,0.2895141974586923
AA,base,20261129,pool,0.49280420315982826,0.3959271226841113,1.352938242311406,0.16464072195189816,6.859315865992067,0.3439008202813515
AA,base,20261129,selected,0.40145884861172265,0.3149352831374977,1.3435120989974658,0.15730792387228829,2.9476931515465576,0.28672976307610354
AA,expanded,20260929,pool,0.4892799052297442,0.39204251159974574,1.3538218999678746,0.16465420945622128,7.249784811260952,0.34327320570053277
AA,expanded,20260929,selected,0.39565306722678145,0.3065438572127547,1.3383182008174008,0.15591602178195346,2.8059459810874077,0.29143020294285105
AA,expanded,20261029,pool,0.4892799052297442,0.39204251159974574,1.3538218999678746,0.16465420945622128,7.249784811260952,0.34327320570053277
AA,expanded,20261029,selected,0.3988045720380002,0.3103850886209205,1.3210917542685858,0.15570038535847247,2.770736350596762,0.29000207550054213
AA,expanded,20261129,pool,0.4892799052297442,0.39204251159974574,1.3538218999678746,0.16465420945622128,7.249784811260952,0.34327320570053277
AA,expanded,20261129,selected,0.3952724817325704,0.30711081215787417,1.3333414191545108,0.15839034606344243,2.8615165423638333,0.2927871556401153
