0.000000,1.000000,1.000000,1.000000,0.999965,0.887302,0.818196,0.775619,0.664952,0.549454,0.433694,0.415039,0.367668,0.237190,0.275742,0.242825,0.151844,0.201928,0.254532,0.233533,0.254515,0.337726,0.298194,0.216576,0.227338,0.188489,0.186616,0.170762,0.160244,0.149535,0.110510,0.139420,0.162292,0.191114,0.227233,0.196049,0.167752,0.186424,0.197344,0.164707,0.166789,0.214301,0.360913,0.275339,0.220251,0.255005,0.246833,0.195874,0.175661,0.145842,0.133242,0.109775,0.167962,0.180841,0.203083,0.167682
1.000000,0.000000,1.000000,1.000000,1.000000,0.999983,0.935426,0.849328,0.781359,0.687036,0.589913,0.424174,0.391257,0.146210,0.207301,0.220146,0.121710,0.204483,0.282339,0.250315,0.271472,0.377397,0.333526,0.215736,0.245678,0.180299,0.165004,0.172757,0.141835,0.125857,0.105295,0.125157,0.139647,0.158319,0.211518,0.153367,0.153384,0.152614,0.152387,0.148695,0.163972,0.161574,0.326963,0.248810,0.217363,0.266922,0.248373,0.187351,0.154014,0.136287,0.092748,0.077961,0.126207,0.151424,0.196154,0.153279
1.000000,1.000000,0.000000,1.000000,1.000000,1.000000,0.999948,0.928076,0.854805,0.806611,0.738608,0.689101,0.558396,0.404749,0.477565,0.461693,0.341156,0.395230,0.434289,0.448481,0.450896,0.497148,0.408249,0.315571,0.335363,0.257577,0.236280,0.224451,0.191236,0.188664,0.173824,0.188699,0.197274,0.218763,0.320331,0.238468,0.234163,0.208893,0.241110,0.221038,0.251172,0.289164,0.515470,0.346668,0.302236,0.394250,0.328783,0.236368,0.208543,0.164427,0.137407,0.143882,0.183921,0.207196,0.267675,0.211343
1.000000,1.000000,1.000000,0.000000,1.000000,1.000000,1.000000,0.999965,0.880425,0.825178,0.781499,0.724346,0.659124,0.197501,0.241005,0.276914,0.147995,0.250647,0.366565,0.363503,0.424174,0.507542,0.373915,0.286679,0.333298,0.202663,0.172862,0.157217,0.140207,0.147400,0.131545,0.143427,0.166387,0.193424,0.307924,0.194071,0.168644,0.154522,0.163464,0.168522,0.187211,0.206058,0.465613,0.280834,0.211938,0.342836,0.282952,0.183309,0.156342,0.130967,0.111385,0.098331,0.136935,0.174752,0.210626,0.155887
0.999965,1.000000,1.000000,1.000000,0.000000,1.000000,1.000000,1.000000,0.999930,0.888615,0.845636,0.811896,0.789707,0.731975,0.392587,0.501645,0.172739,0.370695,0.444124,0.438331,0.448551,0.531709,0.511235,0.417997,0.438121,0.375945,0.232990,0.241355,0.216418,0.161854,0.128937,0.159667,0.259782,0.326036,0.339738,0.328048,0.236805,0.247638,0.273835,0.213968,0.298334,0.338076,0.536679,0.360090,0.385850,0.412484,0.352653,0.256650,0.193721,0.179021,0.145650,0.126977,0.181629,0.220163,0.271560,0.193459
0.887302,0.999983,1.000000,1.000000,1.000000,0.000000,1.000000,1.000000,1.000000,0.999965,0.889647,0.856380,0.829816,0.784527,0.738205,0.670377,0.284982,0.422564,0.488503,0.506002,0.506982,0.556996,0.541334,0.472876,0.470828,0.453136,0.385605,0.272417,0.245660,0.229963,0.170167,0.228790,0.324286,0.348471,0.374108,0.345811,0.332668,0.336536,0.304056,0.345391,0.444439,0.528647,0.652212,0.519250,0.471423,0.454116,0.448429,0.294099,0.235493,0.209156,0.159037,0.169747,0.190221,0.227040,0.298229,0.199304
0.818196,0.935426,0.999948,1.000000,1.000000,1.000000,0.000000,1.000000,1.000000,1.000000,1.000000,0.925364,0.880950,0.834156,0.817129,0.778279,0.629725,0.604770,0.618648,0.608655,0.618490,0.629427,0.615060,0.582546,0.573779,0.552411,0.538639,0.379655,0.314906,0.309481,0.325073,0.374755,0.405624,0.435619,0.449216,0.433834,0.427516,0.435584,0.402544,0.440956,0.600745,0.661452,0.714703,0.711431,0.558414,0.595163,0.514700,0.438611,0.339686,0.273292,0.226568,0.243753,0.306629,0.327978,0.412134,0.274272
0.775619,0.849328,0.928076,0.999965,1.000000,1.000000,1.000000,0.000000,1.000000,1.000000,1.000000,0.999983,0.910087,0.846563,0.828293,0.783722,0.660192,0.639000,0.631475,0.594183,0.549034,0.599118,0.584366,0.461658,0.449759,0.437159,0.263562,0.270422,0.252712,0.194474,0.187579,0.195751,0.306786,0.369313,0.406587,0.367510,0.333823,0.335941,0.306769,0.295394,0.434341,0.510132,0.652877,0.576351,0.438769,0.505127,0.472893,0.335468,0.247568,0.194841,0.148275,0.172477,0.200826,0.280432,0.339808,0.253797
0.664952,0.781359,0.854805,0.880425,0.999930,1.000000,1.000000,1.000000,0.000000,1.000000,1.000000,1.000000,0.999965,0.880005,0.853860,0.815816,0.716803,0.644285,0.653367,0.591891,0.542647,0.596196,0.415284,0.431699,0.404154,0.339388,0.214196,0.253797,0.203398,0.181751,0.174752,0.201088,0.217416,0.359688,0.397872,0.374580,0.364605,0.366793,0.334838,0.357763,0.512040,0.563699,0.652247,0.529749,0.447414,0.462148,0.473576,0.282567,0.231818,0.203031,0.163954,0.165704,0.197659,0.246588,0.340281,0.233673
0.549454,0.687036,0.806611,0.825178,0.888615,0.999965,1.000000,1.000000,1.000000,0.000000,1.000000,1.000000,1.000000,1.000000,0.900549,0.846931,0.756387,0.688751,0.658529,0.618228,0.635710,0.617020,0.521857,0.502817,0.506230,0.468448,0.472473,0.363450,0.277877,0.271140,0.228353,0.270860,0.356240,0.408739,0.435671,0.413202,0.416089,0.422879,0.484215,0.558011,0.550469,0.606538,0.671759,0.677761,0.644232,0.581618,0.505267,0.405712,0.231923,0.182259,0.167349,0.197326,0.266957,0.331881,0.471301,0.288674
0.433694,0.589913,0.738608,0.781499,0.845636,0.889647,1.000000,1.000000,1.000000,1.000000,0.000000,1.000000,1.000000,1.000000,1.000000,0.907234,0.794379,0.753115,0.734950,0.686914,0.661469,0.635080,0.605330,0.427849,0.422022,0.402247,0.392447,0.299594,0.281219,0.293014,0.211623,0.218536,0.288149,0.392045,0.441884,0.415004,0.413709,0.404714,0.447291,0.527019,0.547529,0.584243,0.663499,0.608183,0.614028,0.587726,0.532549,0.368543,0.287712,0.198674,0.176519,0.197431,0.314591,0.381072,0.436056,0.315746
0.415039,0.424174,0.689101,0.724346,0.811896,0.856380,0.925364,0.999983,1.000000,1.000000,1.000000,0.000000,1.000000,1.000000,1.000000,1.000000,0.855960,0.795377,0.765715,0.691534,0.594323,0.574216,0.341891,0.367405,0.401354,0.306664,0.211851,0.227058,0.224241,0.215823,0.194736,0.190641,0.192759,0.267010,0.410507,0.389420,0.352478,0.396577,0.381142,0.360528,0.530764,0.543189,0.641922,0.573866,0.461028,0.481083,0.456268,0.323919,0.214808,0.200231,0.184324,0.206286,0.239045,0.330568,0.390225,0.295307
0.367668,0.391257,0.558396,0.659124,0.789707,0.829816,0.880950,0.910087,0.999965,1.000000,1.000000,1.000000,0.000000,1.000000,1.000000,1.000000,1.000000,0.836781,0.756370,0.715403,0.523852,0.514927,0.406377,0.365130,0.341751,0.327401,0.286732,0.274640,0.251015,0.263107,0.202313,0.217468,0.240953,0.381352,0.443529,0.435374,0.440116,0.445926,0.496203,0.539287,0.583141,0.621063,0.698534,0.599066,0.597456,0.491583,0.526319,0.340718,0.277859,0.248180,0.240043,0.245748,0.292682,0.351568,0.483830,0.309551
0.237190,0.146210,0.404749,0.197501,0.731975,0.784527,0.834156,0.846563,0.880005,1.000000,1.000000,1.000000,1.000000,0.000000,1.000000,1.000000,1.000000,0.999790,0.905834,0.808011,0.776739,0.590578,0.435969,0.484128,0.477688,0.456741,0.443826,0.460818,0.322606,0.315396,0.236158,0.240025,0.254812,0.437859,0.460171,0.469673,0.443826,0.488765,0.558589,0.581776,0.581601,0.611560,0.680841,0.609198,0.656779,0.707038,0.623145,0.474836,0.331601,0.228335,0.218168,0.279049,0.379112,0.423719,0.563646,0.373845
0.275742,0.207301,0.477565,0.241005,0.392587,0.738205,0.817129,0.828293,0.853860,0.900549,1.000000,1.000000,1.000000,1.000000,0.000000,1.000000,1.000000,1.000000,1.000000,0.949706,0.734478,0.703923,0.508715,0.433851,0.384940,0.314434,0.327261,0.349766,0.285192,0.269635,0.249913,0.246903,0.253832,0.305771,0.417752,0.461256,0.425084,0.470566,0.516625,0.473716,0.583053,0.600798,0.705988,0.642570,0.610650,0.624668,0.639455,0.461273,0.372918,0.287169,0.261567,0.313839,0.398012,0.431611,0.491670,0.346598
0.242825,0.220146,0.461693,0.276914,0.501645,0.670377,0.778279,0.783722,0.815816,0.846931,0.907234,1.000000,1.000000,1.000000,1.000000,0.000000,1.000000,1.000000,1.000000,0.999983,0.931471,0.896770,0.752257,0.662554,0.631475,0.544957,0.474643,0.376575,0.323219,0.293347,0.271437,0.280607,0.288832,0.326736,0.426816,0.448726,0.394950,0.477425,0.501977,0.576928,0.553059,0.616565,0.666142,0.560041,0.532584,0.680964,0.640050,0.378867,0.313839,0.239903,0.254375,0.278594,0.336431,0.373320,0.510430,0.374020
0.151844,0.121710,0.341156,0.147995,0.172739,0.284982,0.629725,0.660192,0.716803,0.756387,0.794379,0.855960,1.000000,1.000000,1.000000,1.000000,0.000000,1.000000,1.000000,1.000000,0.999983,0.772102,0.628832,0.581251,0.462253,0.353860,0.336851,0.275077,0.238538,0.215281,0.195104,0.199426,0.218011,0.242405,0.282392,0.330253,0.251872,0.297949,0.350080,0.332318,0.440939,0.507752,0.565799,0.446451,0.393287,0.456811,0.445786,0.214581,0.167437,0.128062,0.168032,0.180544,0.210293,0.251592,0.303671,0.236070
0.201928,0.204483,0.395230,0.250647,0.370695,0.422564,0.604770,0.639000,0.644285,0.688751,0.753115,0.795377,0.836781,0.999790,1.000000,1.000000,1.000000,0.000000,1.000000,1.000000,1.000000,0.999948,0.831356,0.723873,0.657112,0.431419,0.366268,0.320191,0.273817,0.225605,0.186494,0.184394,0.215508,0.250140,0.332056,0.343746,0.311896,0.344183,0.350010,0.342538,0.382542,0.478510,0.541404,0.420359,0.361298,0.457388,0.359548,0.240270,0.162502,0.137670,0.145755,0.157532,0.203013,0.257332,0.283984,0.227705
0.254532,0.282339,0.434289,0.366565,0.444124,0.488503,0.618648,0.631475,0.653367,0.658529,0.734950,0.765715,0.756370,0.905834,1.000000,1.000000,1.000000,1.000000,0.000000,1.000000,1.000000,1.000000,1.000000,0.819386,0.762932,0.657934,0.457528,0.394092,0.329833,0.333683,0.250455,0.258172,0.264472,0.349241,0.361088,0.368543,0.365130,0.375227,0.366390,0.364273,0.408057,0.549104,0.640155,0.410419,0.310286,0.475588,0.458088,0.254550,0.175521,0.112155,0.133505,0.133207,0.202908,0.243490,0.297319,0.230260
0.233533,0.250315,0.448481,0.363503,0.438331,0.506002,0.608655,0.594183,0.591891,0.618228,0.686914,0.691534,0.715403,0.808011,0.949706,0.999983,1.000000,1.000000,1.000000,0.000000,1.000000,1.000000,1.000000,1.000000,0.884205,0.740918,0.535367,0.442409,0.348873,0.284982,0.239115,0.263492,0.322011,0.368420,0.418312,0.421917,0.405799,0.354665,0.351410,0.339126,0.485983,0.500542,0.548877,0.432521,0.238695,0.425451,0.332388,0.179266,0.108708,0.080393,0.107868,0.137022,0.155922,0.208228,0.243560,0.197081
0.254515,0.271472,0.450896,0.424174,0.448551,0.506982,0.618490,0.549034,0.542647,0.635710,0.661469,0.594323,0.523852,0.776739,0.734478,0.931471,0.999983,1.000000,1.000000,1.000000,0.000000,1.000000,1.000000,1.000000,0.999965,0.866653,0.759975,0.531219,0.404382,0.272820,0.242685,0.273642,0.377135,0.420744,0.436546,0.448079,0.400287,0.377625,0.377695,0.368630,0.473523,0.460958,0.572921,0.465823,0.273082,0.432294,0.354910,0.203573,0.144145,0.109565,0.112943,0.129147,0.162554,0.220006,0.226130,0.161662
0.337726,0.377397,0.497148,0.507542,0.531709,0.556996,0.629427,0.599118,0.596196,0.617020,0.635080,0.574216,0.514927,0.590578,0.703923,0.896770,0.772102,0.999948,1.000000,1.000000,1.000000,0.000000,1.000000,1.000000,1.000000,0.999983,0.886760,0.710433,0.539147,0.420884,0.321556,0.397732,0.428899,0.448341,0.484390,0.482430,0.428776,0.409037,0.413919,0.416177,0.559604,0.595968,0.683169,0.402982,0.422004,0.538867,0.411154,0.265767,0.198236,0.163237,0.158232,0.171479,0.208683,0.229788,0.284789,0.186494
0.298194,0.333526,0.408249,0.373915,0.511235,0.541334,0.615060,0.584366,0.415284,0.521857,0.605330,0.341891,0.406377,0.435969,0.508715,0.752257,0.628832,0.831356,1.000000,1.000000,1.000000,1.000000,0.000000,1.000000,1.000000,1.000000,0.999878,0.810986,0.588268,0.436126,0.362155,0.442216,0.441586,0.452873,0.491040,0.479420,0.424752,0.442094,0.427481,0.444929,0.502572,0.520842,0.608428,0.400409,0.395457,0.515260,0.405082,0.269897,0.219866,0.159649,0.148677,0.167139,0.213111,0.238853,0.268060,0.186651
0.216576,0.215736,0.315571,0.286679,0.417997,0.472876,0.582546,0.461658,0.431699,0.502817,0.427849,0.367405,0.365130,0.484128,0.433851,0.662554,0.581251,0.723873,0.819386,1.000000,1.000000,1.000000,1.000000,0.000000,1.000000,1.000000,1.000000,0.999948,0.757997,0.504357,0.446819,0.466996,0.456793,0.484635,0.491075,0.497375,0.470846,0.471178,0.482868,0.508085,0.468291,0.478108,0.601463,0.476900,0.431891,0.510325,0.381230,0.250332,0.180106,0.135780,0.136917,0.143427,0.185374,0.250857,0.257962,0.233795
0.227338,0.245678,0.335363,0.333298,0.438121,0.470828,0.573779,0.449759,0.404154,0.506230,0.422022,0.401354,0.341751,0.477688,0.384940,0.631475,0.462253,0.657112,0.762932,0.884205,0.999965,1.000000,1.000000,1.000000,0.000000,1.000000,1.000000,1.000000,0.994628,0.617353,0.495888,0.506020,0.499283,0.529784,0.515557,0.478685,0.477443,0.461046,0.503255,0.464056,0.469673,0.486893,0.630985,0.478720,0.412817,0.462673,0.365218,0.212096,0.168277,0.141817,0.140382,0.149097,0.182399,0.222386,0.270667,0.212638
0.188489,0.180299,0.257577,0.202663,0.375945,0.453136,0.552411,0.437159,0.339388,0.468448,0.402247,0.306664,0.327401,0.456741,0.314434,0.544957,0.353860,0.431419,0.657934,0.740918,0.866653,0.999983,1.000000,1.000000,1.000000,0.000000,1.000000,1.000000,1.000000,0.999878,0.682731,0.600483,0.566079,0.588951,0.552499,0.504970,0.463793,0.517185,0.549857,0.465508,0.504602,0.434919,0.638370,0.504357,0.448604,0.500437,0.358060,0.192619,0.162642,0.164759,0.143795,0.151372,0.179266,0.239343,0.342993,0.252327
0.186616,0.165004,0.236280,0.172862,0.232990,0.385605,0.538639,0.263562,0.214196,0.472473,0.392447,0.211851,0.286732,0.443826,0.327261,0.474643,0.336851,0.366268,0.457528,0.535367,0.759975,0.886760,0.999878,1.000000,1.000000,1.000000,0.000000,1.000000,1.000000,1.000000,1.000000,0.776494,0.681016,0.715001,0.614675,0.620328,0.579046,0.561511,0.578136,0.495188,0.507280,0.489343,0.635465,0.528699,0.446539,0.502957,0.370590,0.263387,0.214598,0.196066,0.158162,0.157427,0.180631,0.256230,0.349468,0.259397
0.170762,0.172757,0.224451,0.157217,0.241355,0.272417,0.379655,0.270422,0.253797,0.363450,0.299594,0.227058,0.274640,0.460818,0.349766,0.376575,0.275077,0.320191,0.394092,0.442409,0.531219,0.710433,0.810986,0.999948,1.000000,1.000000,1.000000,0.000000,1.000000,1.000000,1.000000,1.000000,0.821136,0.783669,0.697449,0.639315,0.577803,0.577051,0.552149,0.546654,0.512582,0.506545,0.593938,0.496815,0.455271,0.481870,0.462813,0.290354,0.242108,0.215753,0.166527,0.166054,0.216191,0.308046,0.371903,0.279259
0.160244,0.141835,0.191236,0.140207,0.216418,0.245660,0.314906,0.252712,0.203398,0.277877,0.281219,0.224241,0.251015,0.322606,0.285192,0.323219,0.238538,0.273817,0.329833,0.348873,0.404382,0.539147,0.588268,0.757997,0.994628,1.000000,1.000000,1.000000,0.000000,1.000000,1.000000,1.000000,1.000000,0.907777,0.776004,0.676046,0.554966,0.578993,0.528524,0.522592,0.504322,0.477845,0.527614,0.433641,0.440291,0.427131,0.421007,0.308256,0.188209,0.182259,0.148940,0.149745,0.248600,0.272470,0.346476,0.242055
0.149535,0.125857,0.188664,0.147400,0.161854,0.229963,0.309481,0.194474,0.181751,0.271140,0.293014,0.215823,0.263107,0.315396,0.269635,0.293347,0.215281,0.225605,0.333683,0.284982,0.272820,0.420884,0.436126,0.504357,0.617353,0.999878,1.000000,1.000000,1.000000,0.000000,1.000000,1.000000,1.000000,0.999878,0.836343,0.718221,0.585626,0.540232,0.487295,0.508207,0.479420,0.456863,0.410472,0.380897,0.390942,0.381387,0.388037,0.290424,0.169834,0.141432,0.135570,0.165459,0.223856,0.265015,0.288202,0.228633
0.110510,0.105295,0.173824,0.131545,0.128937,0.170167,0.325073,0.187579,0.174752,0.228353,0.211623,0.194736,0.202313,0.236158,0.249913,0.271437,0.195104,0.186494,0.250455,0.239115,0.242685,0.321556,0.362155,0.446819,0.495888,0.682731,1.000000,1.000000,1.000000,1.000000,0.000000,1.000000,1.000000,1.000000,0.999930,0.868035,0.599871,0.510990,0.466471,0.478475,0.462988,0.414392,0.381037,0.348541,0.348138,0.335083,0.284684,0.231520,0.161609,0.112488,0.165599,0.172879,0.210433,0.241513,0.271945,0.220128
0.139420,0.125157,0.188699,0.143427,0.159667,0.228790,0.374755,0.195751,0.201088,0.270860,0.218536,0.190641,0.217468,0.240025,0.246903,0.280607,0.199426,0.184394,0.258172,0.263492,0.273642,0.397732,0.442216,0.466996,0.506020,0.600483,0.776494,1.000000,1.000000,1.000000,1.000000,0.000000,1.000000,1.000000,1.000000,1.000000,0.749283,0.574444,0.511042,0.470111,0.399255,0.293347,0.419239,0.325826,0.348156,0.348611,0.282654,0.212901,0.184621,0.142570,0.176746,0.184394,0.216926,0.244208,0.279084,0.222841
0.162292,0.139647,0.197274,0.166387,0.259782,0.324286,0.405624,0.306786,0.217416,0.356240,0.288149,0.192759,0.240953,0.254812,0.253832,0.288832,0.218011,0.215508,0.264472,0.322011,0.377135,0.428899,0.441586,0.456793,0.499283,0.566079,0.681016,0.821136,1.000000,1.000000,1.000000,1.000000,0.000000,1.000000,1.000000,1.000000,1.000000,0.692164,0.574234,0.573061,0.478668,0.357045,0.443336,0.347736,0.314154,0.368788,0.255740,0.192619,0.160489,0.146227,0.167769,0.171409,0.196399,0.244820,0.275339,0.199846
0.191114,0.158319,0.218763,0.193424,0.326036,0.348471,0.435619,0.369313,0.359688,0.408739,0.392045,0.267010,0.381352,0.437859,0.305771,0.326736,0.242405,0.250140,0.349241,0.368420,0.420744,0.448341,0.452873,0.484635,0.529784,0.588951,0.715001,0.783669,0.907777,0.999878,1.000000,1.000000,1.000000,0.000000,1.000000,1.000000,1.000000,1.000000,0.819561,0.720076,0.633435,0.525217,0.569929,0.477845,0.377152,0.399745,0.321346,0.206653,0.160577,0.088233,0.163674,0.174402,0.205638,0.246413,0.304826,0.219901
0.227233,0.211518,0.320331,0.307924,0.339738,0.374108,0.449216,0.406587,0.397872,0.435671,0.441884,0.410507,0.443529,0.460171,0.417752,0.426816,0.282392,0.332056,0.361088,0.418312,0.436546,0.484390,0.491040,0.491075,0.515557,0.552499,0.614675,0.697449,0.776004,0.836343,0.999930,1.000000,1.000000,1.000000,0.000000,1.000000,1.000000,1.000000,0.999965,0.803216,0.668977,0.541229,0.585888,0.538604,0.421322,0.442496,0.381580,0.221196,0.163342,0.088986,0.161417,0.152492,0.205586,0.241915,0.327996,0.217486
0.196049,0.153367,0.238468,0.194071,0.328048,0.345811,0.433834,0.367510,0.374580,0.413202,0.415004,0.389420,0.435374,0.469673,0.461256,0.448726,0.330253,0.343746,0.368543,0.421917,0.448079,0.482430,0.479420,0.497375,0.478685,0.504970,0.620328,0.639315,0.676046,0.718221,0.868035,1.000000,1.000000,1.000000,1.000000,0.000000,1.000000,1.000000,1.000000,1.000000,0.764560,0.638510,0.633890,0.590281,0.510202,0.462726,0.335766,0.232203,0.099818,0.076718,0.104718,0.118613,0.204606,0.273292,0.335451,0.222386
0.167752,0.153384,0.234163,0.168644,0.236805,0.332668,0.427516,0.333823,0.364605,0.416089,0.413709,0.352478,0.440116,0.443826,0.425084,0.394950,0.251872,0.311896,0.365130,0.405799,0.400287,0.428776,0.424752,0.470846,0.477443,0.463793,0.579046,0.577803,0.554966,0.585626,0.599871,0.749283,1.000000,1.000000,1.000000,1.000000,0.000000,1.000000,1.000000,1.000000,0.999983,0.764770,0.725623,0.666229,0.511987,0.476918,0.380530,0.181909,0.120083,0.077296,0.088146,0.115603,0.144652,0.284649,0.337393,0.223523
0.186424,0.152614,0.208893,0.154522,0.247638,0.336536,0.435584,0.335941,0.366793,0.422879,0.404714,0.396577,0.445926,0.488765,0.470566,0.477425,0.297949,0.344183,0.375227,0.354665,0.377625,0.409037,0.442094,0.471178,0.461046,0.517185,0.561511,0.577051,0.578993,0.540232,0.510990,0.574444,0.692164,1.000000,1.000000,1.000000,1.000000,0.000000,1.000000,1.000000,1.000000,1.000000,0.906762,0.825021,0.725535,0.669344,0.491530,0.316446,0.135500,0.091768,0.102565,0.120538,0.160874,0.325546,0.440991,0.255950
0.197344,0.152387,0.241110,0.163464,0.273835,0.304056,0.402544,0.306769,0.334838,0.484215,0.447291,0.381142,0.496203,0.558589,0.516625,0.501977,0.350080,0.350010,0.366390,0.351410,0.377695,0.413919,0.427481,0.482868,0.503255,0.549857,0.578136,0.552149,0.528524,0.487295,0.466471,0.511042,0.574234,0.819561,0.999965,1.000000,1.000000,1.000000,0.000000,1.000000,1.000000,1.000000,0.999983,0.955691,0.861123,0.819369,0.627800,0.348961,0.177954,0.112715,0.127625,0.128570,0.179844,0.367388,0.488503,0.302569
0.164707,0.148695,0.221038,0.168522,0.213968,0.345391,0.440956,0.295394,0.357763,0.558011,0.527019,0.360528,0.539287,0.581776,0.473716,0.576928,0.332318,0.342538,0.364273,0.339126,0.368630,0.416177,0.444929,0.508085,0.464056,0.465508,0.495188,0.546654,0.522592,0.508207,0.478475,0.470111,0.573061,0.720076,0.803216,1.000000,1.000000,1.000000,1.000000,0.000000,1.000000,1.000000,1.000000,0.999983,0.952646,0.905887,0.811599,0.515067,0.321941,0.175679,0.149395,0.155677,0.303514,0.436511,0.483305,0.311651
0.166789,0.163972,0.251172,0.187211,0.298334,0.444439,0.600745,0.434341,0.512040,0.550469,0.547529,0.530764,0.583141,0.581601,0.583053,0.553059,0.440939,0.382542,0.408057,0.485983,0.473523,0.559604,0.502572,0.468291,0.469673,0.504602,0.507280,0.512582,0.504322,0.479420,0.462988,0.399255,0.478668,0.633435,0.668977,0.764560,0.999983,1.000000,1.000000,1.000000,0.000000,1.000000,1.000000,1.000000,1.000000,0.945769,0.913254,0.706006,0.432819,0.236665,0.185496,0.206916,0.371640,0.493035,0.541509,0.357798
0.214301,0.161574,0.289164,0.206058,0.338076,0.528647,0.661452,0.510132,0.563699,0.606538,0.584243,0.543189,0.621063,0.611560,0.600798,0.616565,0.507752,0.478510,0.549104,0.500542,0.460958,0.595968,0.520842,0.478108,0.486893,0.434919,0.489343,0.506545,0.477845,0.456863,0.414392,0.293347,0.357045,0.525217,0.541229,0.638510,0.764770,1.000000,1.000000,1.000000,1.000000,0.000000,1.000000,1.000000,1.000000,1.000000,0.960521,0.802779,0.641065,0.310864,0.245240,0.320769,0.447396,0.558029,0.638667,0.420464
0.360913,0.326963,0.515470,0.465613,0.536679,0.652212,0.714703,0.652877,0.652247,0.671759,0.663499,0.641922,0.698534,0.680841,0.705988,0.666142,0.565799,0.541404,0.640155,0.548877,0.572921,0.683169,0.608428,0.601463,0.630985,0.638370,0.635465,0.593938,0.527614,0.410472,0.381037,0.419239,0.443336,0.569929,0.585888,0.633890,0.725623,0.906762,0.999983,1.000000,1.000000,1.000000,0.000000,1.000000,1.000000,1.000000,1.000000,0.925714,0.756317,0.571066,0.385552,0.471073,0.595513,0.612943,0.728615,0.552411
0.275339,0.248810,0.346668,0.280834,0.360090,0.519250,0.711431,0.576351,0.529749,0.677761,0.608183,0.573866,0.599066,0.609198,0.642570,0.560041,0.446451,0.420359,0.410419,0.432521,0.465823,0.402982,0.400409,0.476900,0.478720,0.504357,0.528699,0.496815,0.433641,0.380897,0.348541,0.325826,0.347736,0.477845,0.538604,0.590281,0.666229,0.825021,0.955691,0.999983,1.000000,1.000000,1.000000,0.000000,1.000000,1.000000,1.000000,1.000000,0.877572,0.662904,0.572169,0.592871,0.777632,0.729140,0.733603,0.612663
0.220251,0.217363,0.302236,0.211938,0.385850,0.471423,0.558414,0.438769,0.447414,0.644232,0.614028,0.461028,0.597456,0.656779,0.610650,0.532584,0.393287,0.361298,0.310286,0.238695,0.273082,0.422004,0.395457,0.431891,0.412817,0.448604,0.446539,0.455271,0.440291,0.390942,0.348138,0.348156,0.314154,0.377152,0.421322,0.510202,0.511987,0.725535,0.861123,0.952646,1.000000,1.000000,1.000000,1.000000,0.000000,1.000000,1.000000,1.000000,1.000000,0.858165,0.770002,0.757927,0.793644,0.743315,0.739220,0.602180
0.255005,0.266922,0.394250,0.342836,0.412484,0.454116,0.595163,0.505127,0.462148,0.581618,0.587726,0.481083,0.491583,0.707038,0.624668,0.680964,0.456811,0.457388,0.475588,0.425451,0.432294,0.538867,0.515260,0.510325,0.462673,0.500437,0.502957,0.481870,0.427131,0.381387,0.335083,0.348611,0.368788,0.399745,0.442496,0.462726,0.476918,0.669344,0.819369,0.905887,0.945769,1.000000,1.000000,1.000000,1.000000,0.000000,1.000000,1.000000,1.000000,1.000000,0.847858,0.769775,0.838916,0.768900,0.754060,0.639280
0.246833,0.248373,0.328783,0.282952,0.352653,0.448429,0.514700,0.472893,0.473576,0.505267,0.532549,0.456268,0.526319,0.623145,0.639455,0.640050,0.445786,0.359548,0.458088,0.332388,0.354910,0.411154,0.405082,0.381230,0.365218,0.358060,0.370590,0.462813,0.421007,0.388037,0.284684,0.282654,0.255740,0.321346,0.381580,0.335766,0.380530,0.491530,0.627800,0.811599,0.913254,0.960521,1.000000,1.000000,1.000000,1.000000,0.000000,1.000000,1.000000,1.000000,0.999983,0.896857,0.896525,0.829081,0.804389,0.688891
0.195874,0.187351,0.236368,0.183309,0.256650,0.294099,0.438611,0.335468,0.282567,0.405712,0.368543,0.323919,0.340718,0.474836,0.461273,0.378867,0.214581,0.240270,0.254550,0.179266,0.203573,0.265767,0.269897,0.250332,0.212096,0.192619,0.263387,0.290354,0.308256,0.290424,0.231520,0.212901,0.192619,0.206653,0.221196,0.232203,0.181909,0.316446,0.348961,0.515067,0.706006,0.802779,0.925714,1.000000,1.000000,1.000000,1.000000,0.000000,1.000000,1.000000,1.000000,1.000000,0.937929,0.882157,0.845968,0.700003
0.175661,0.154014,0.208543,0.156342,0.193721,0.235493,0.339686,0.247568,0.231818,0.231923,0.287712,0.214808,0.277859,0.331601,0.372918,0.313839,0.167437,0.162502,0.175521,0.108708,0.144145,0.198236,0.219866,0.180106,0.168277,0.162642,0.214598,0.242108,0.188209,0.169834,0.161609,0.184621,0.160489,0.160577,0.163342,0.099818,0.120083,0.135500,0.177954,0.321941,0.432819,0.641065,0.756317,0.877572,1.000000,1.000000,1.000000,1.000000,0.000000,1.000000,1.000000,1.000000,1.000000,0.949549,0.895580,0.737173
0.145842,0.136287,0.164427,0.130967,0.179021,0.209156,0.273292,0.194841,0.203031,0.182259,0.198674,0.200231,0.248180,0.228335,0.287169,0.239903,0.128062,0.137670,0.112155,0.080393,0.109565,0.163237,0.159649,0.135780,0.141817,0.164759,0.196066,0.215753,0.182259,0.141432,0.112488,0.142570,0.146227,0.088233,0.088986,0.076718,0.077296,0.091768,0.112715,0.175679,0.236665,0.310864,0.571066,0.662904,0.858165,1.000000,1.000000,1.000000,1.000000,0.000000,1.000000,1.000000,1.000000,0.999913,0.901354,0.514210
0.133242,0.092748,0.137407,0.111385,0.145650,0.159037,0.226568,0.148275,0.163954,0.167349,0.176519,0.184324,0.240043,0.218168,0.261567,0.254375,0.168032,0.145755,0.133505,0.107868,0.112943,0.158232,0.148677,0.136917,0.140382,0.143795,0.158162,0.166527,0.148940,0.135570,0.165599,0.176746,0.167769,0.163674,0.161417,0.104718,0.088146,0.102565,0.127625,0.149395,0.185496,0.245240,0.385552,0.572169,0.770002,0.847858,0.999983,1.000000,1.000000,1.000000,0.000000,1.000000,1.000000,1.000000,1.000000,0.769232
0.109775,0.077961,0.143882,0.098331,0.126977,0.169747,0.243753,0.172477,0.165704,0.197326,0.197431,0.206286,0.245748,0.279049,0.313839,0.278594,0.180544,0.157532,0.133207,0.137022,0.129147,0.171479,0.167139,0.143427,0.149097,0.151372,0.157427,0.166054,0.149745,0.165459,0.172879,0.184394,0.171409,0.174402,0.152492,0.118613,0.115603,0.120538,0.128570,0.155677,0.206916,0.320769,0.471073,0.592871,0.757927,0.769775,0.896857,1.000000,1.000000,1.000000,1.000000,0.000000,1.000000,1.000000,1.000000,1.000000
0.167962,0.126207,0.183921,0.136935,0.181629,0.190221,0.306629,0.200826,0.197659,0.266957,0.314591,0.239045,0.292682,0.379112,0.398012,0.336431,0.210293,0.203013,0.202908,0.155922,0.162554,0.208683,0.213111,0.185374,0.182399,0.179266,0.180631,0.216191,0.248600,0.223856,0.210433,0.216926,0.196399,0.205638,0.205586,0.204606,0.144652,0.160874,0.179844,0.303514,0.371640,0.447396,0.595513,0.777632,0.793644,0.838916,0.896525,0.937929,1.000000,1.000000,1.000000,1.000000,0.000000,1.000000,1.000000,1.000000
0.180841,0.151424,0.207196,0.174752,0.220163,0.227040,0.327978,0.280432,0.246588,0.331881,0.381072,0.330568,0.351568,0.423719,0.431611,0.373320,0.251592,0.257332,0.243490,0.208228,0.220006,0.229788,0.238853,0.250857,0.222386,0.239343,0.256230,0.308046,0.272470,0.265015,0.241513,0.244208,0.244820,0.246413,0.241915,0.273292,0.284649,0.325546,0.367388,0.436511,0.493035,0.558029,0.612943,0.729140,0.743315,0.768900,0.829081,0.882157,0.949549,0.999913,1.000000,1.000000,1.000000,0.000000,1.000000,1.000000
0.203083,0.196154,0.267675,0.210626,0.271560,0.298229,0.412134,0.339808,0.340281,0.471301,0.436056,0.390225,0.483830,0.563646,0.491670,0.510430,0.303671,0.283984,0.297319,0.243560,0.226130,0.284789,0.268060,0.257962,0.270667,0.342993,0.349468,0.371903,0.346476,0.288202,0.271945,0.279084,0.275339,0.304826,0.327996,0.335451,0.337393,0.440991,0.488503,0.483305,0.541509,0.638667,0.728615,0.733603,0.739220,0.754060,0.804389,0.845968,0.895580,0.901354,1.000000,1.000000,1.000000,1.000000,0.000000,1.000000
0.167682,0.153279,0.211343,0.155887,0.193459,0.199304,0.274272,0.253797,0.233673,0.288674,0.315746,0.295307,0.309551,0.373845,0.346598,0.374020,0.236070,0.227705,0.230260,0.197081,0.161662,0.186494,0.186651,0.233795,0.212638,0.252327,0.259397,0.279259,0.242055,0.228633,0.220128,0.222841,0.199846,0.219901,0.217486,0.222386,0.223523,0.255950,0.302569,0.311651,0.357798,0.420464,0.552411,0.612663,0.602180,0.639280,0.688891,0.700003,0.737173,0.514210,0.769232,1.000000,1.000000,1.000000,1.000000,0.000000
