AR_residue,definition,pool,selected
330,DSSP_H,0.0014354066985645,0.0
331,DSSP_H,0.0028708133971291,0.004
332,DSSP_H,0.0038277511961722,0.006
333,DSSP_H,0.0057416267942583,0.008
334,DSSP_H,0.0047846889952153,0.008
335,DSSP_H,0.0057416267942583,0.006
336,DSSP_H,0.0047846889952153,0.004
337,DSSP_H,0.0038277511961722,0.002
338,DSSP_H,0.0023923444976076,0.0
339,DSSP_H,0.0028708133971291,0.004
340,DSSP_H,0.0038277511961722,0.006
341,DSSP_H,0.0052631578947368,0.008
342,DSSP_H,0.008133971291866,0.01
343,DSSP_H,0.0071770334928229,0.008
344,DSSP_H,0.008133971291866,0.008
345,DSSP_H,0.0100478468899521,0.01
346,DSSP_H,0.0076555023923444,0.006
347,DSSP_H,0.0071770334928229,0.008
348,DSSP_H,0.0047846889952153,0.004
349,DSSP_H,0.0047846889952153,0.008
350,DSSP_H,0.0057416267942583,0.012
351,DSSP_H,0.0095693779904306,0.022
352,DSSP_H,0.0210526315789473,0.048
353,DSSP_H,0.0588516746411483,0.136
354,DSSP_H,0.0669856459330143,0.148
355,DSSP_H,0.0746411483253588,0.16
356,DSSP_H,0.070334928229665,0.144
357,DSSP_H,0.0516746411483253,0.102
358,DSSP_H,0.0306220095693779,0.052
359,DSSP_H,0.0181818181818181,0.032
360,DSSP_H,0.0224880382775119,0.04
361,DSSP_H,0.0382775119617224,0.054
362,DSSP_H,0.0349282296650717,0.05
363,DSSP_H,0.0320574162679425,0.046
364,DSSP_H,0.0267942583732057,0.034
365,DSSP_H,0.0110047846889952,0.018
366,DSSP_H,0.0200956937799043,0.028
367,DSSP_H,0.0253588516746411,0.036
368,DSSP_H,0.0253588516746411,0.036
369,DSSP_H,0.0172248803827751,0.022
370,DSSP_H,0.0076555023923444,0.01
371,DSSP_H,0.0,0.0
372,DSSP_H,0.0,0.0
373,DSSP_H,0.0,0.0
374,DSSP_H,0.0,0.0
375,DSSP_H,0.0,0.0
376,DSSP_H,0.0,0.0
377,DSSP_H,0.0,0.0
378,DSSP_H,0.0,0.0
379,DSSP_H,0.0,0.0
380,DSSP_H,0.0,0.0
381,DSSP_H,0.0033492822966507,0.002
382,DSSP_H,0.0052631578947368,0.004
383,DSSP_H,0.0052631578947368,0.004
384,DSSP_H,0.0052631578947368,0.004
385,DSSP_H,0.0028708133971291,0.002
386,DSSP_H,0.0004784688995215,0.0
387,DSSP_H,0.0,0.0
388,DSSP_H,0.0,0.0
389,DSSP_H,0.000956937799043,0.002
390,DSSP_H,0.023444976076555,0.05
391,DSSP_H,0.0291866028708133,0.068
392,DSSP_H,0.0411483253588516,0.084
393,DSSP_H,0.0583732057416267,0.12
394,DSSP_H,0.0813397129186602,0.166
395,DSSP_H,0.1708133971291866,0.302
396,DSSP_H,0.3210526315789473,0.558
397,DSSP_H,0.3923444976076555,0.636
398,DSSP_H,0.4842105263157895,0.718
399,DSSP_H,0.5406698564593302,0.746
400,DSSP_H,0.5267942583732057,0.702
401,DSSP_H,0.5047846889952153,0.646
402,DSSP_H,0.4507177033492823,0.528
403,DSSP_H,0.3023923444976076,0.358
404,DSSP_H,0.170334928229665,0.18
405,DSSP_H,0.0909090909090909,0.096
406,DSSP_H,0.0330143540669856,0.044
407,DSSP_H,0.0191387559808612,0.032
408,DSSP_H,0.023444976076555,0.044
409,DSSP_H,0.0435406698564593,0.088
410,DSSP_H,0.0502392344497607,0.1
411,DSSP_H,0.0492822966507177,0.09
412,DSSP_H,0.0497607655502392,0.09
413,DSSP_H,0.0363636363636363,0.066
414,DSSP_H,0.0229665071770334,0.028
415,DSSP_H,0.0224880382775119,0.028
416,DSSP_H,0.0124401913875598,0.012
417,DSSP_H,0.0100478468899521,0.01
418,DSSP_H,0.0047846889952153,0.004
419,DSSP_H,0.0,0.0
420,DSSP_H,0.0004784688995215,0.0
421,DSSP_H,0.0004784688995215,0.0
422,DSSP_H,0.0004784688995215,0.0
423,DSSP_H,0.0014354066985645,0.0
424,DSSP_H,0.000956937799043,0.0
425,DSSP_H,0.0157894736842105,0.02
426,DSSP_H,0.0191387559808612,0.026
427,DSSP_H,0.0224880382775119,0.028
428,DSSP_H,0.0253588516746411,0.038
429,DSSP_H,0.0153110047846889,0.022
430,DSSP_H,0.0124401913875598,0.014
431,DSSP_H,0.0100478468899521,0.014
432,DSSP_H,0.0129186602870813,0.008
433,DSSP_H,0.0148325358851674,0.006
434,DSSP_H,0.0138755980861244,0.006
435,DSSP_H,0.0167464114832535,0.006
436,DSSP_H,0.0229665071770334,0.018
437,DSSP_H,0.0200956937799043,0.02
438,DSSP_H,0.0205741626794258,0.02
439,DSSP_H,0.0172248803827751,0.018
440,DSSP_H,0.0110047846889952,0.01
441,DSSP_H,0.0057416267942583,0.006
442,DSSP_H,0.0047846889952153,0.004
443,DSSP_H,0.0047846889952153,0.004
444,DSSP_H,0.0033492822966507,0.004
445,DSSP_H,0.0023923444976076,0.002
446,DSSP_H,0.0,0.0
