AR_residue,atom,experimental_secondary_ppm,pool_secondary_ppm,selected_secondary_ppm,Exp_minus_pool_ppm,Exp_minus_selected_ppm
330,CA,0.3200000000000003,-0.0433127962085677,-0.0473380000000673,0.363312796208568,0.3673380000000676
330,C,0.1689999999999827,-0.2216246445496779,-0.1919560000000615,0.3906246445496606,0.3609560000000442
330,N,2.368000000000009,0.0471488151659542,0.1273479999999267,2.320851184834055,2.2406520000000825
330,NH,0.5389999999999997,0.0155682464454898,0.0135799999999957,0.5234317535545099,0.525420000000004
331,CA,0.6810000000000045,0.5489535545021909,0.6073899999999881,0.1320464454978136,0.0736100000000163
331,C,0.9070000000000108,0.4352222748813972,0.4535579999999584,0.4717777251186135,0.4534420000000523
331,N,1.4420000000000073,0.3934857819907194,0.4795799999999985,1.048514218009288,0.9624200000000088
331,NH,0.4309999999999991,-0.0154933649289201,-0.0111999999999987,0.4464933649289193,0.4421999999999979
332,CA,0.1219999999999998,-0.1143999999998897,-0.1057920000000081,0.2363999999998896,0.227792000000008
332,C,-0.4879999999999995,-0.2979507109004373,-0.3669640000001095,-0.1900492890995622,-0.12103599999989
332,N,0.108000000000004,-0.0474151658769557,-0.1018739999999098,0.1554151658769598,0.2098739999999139
332,NH,0.277000000000001,0.0716246445497734,0.064119999999999,0.2053753554502275,0.2128800000000019
333,CA,0.181999999999995,0.4433279620852701,0.4093379999999769,-0.2613279620852751,-0.2273379999999818
333,N,0.0189999999999912,-0.0205985781989568,-0.0589459999999206,0.039598578198948,0.0779459999999119
333,NH,0.0419999999999998,-0.1648805687203935,-0.1762140000000034,0.2068805687203934,0.2182140000000032
334,CA,0.5719999999999956,0.2410819905212449,0.2341620000000688,0.3309180094787507,0.3378379999999268
334,C,0.5160000000000196,0.4608080568719117,0.4861880000001122,0.0551919431281078,0.0298119999999073
334,N,2.2950000000000017,1.5057848341232187,1.5487560000000684,0.789215165876783,0.7462439999999333
334,NH,0.3170000000000001,-0.0302886255924086,-0.0233820000000051,0.3472886255924088,0.3403820000000053
335,CA,0.2340000000000017,0.075563033175392,0.0998139999999736,0.1584369668246097,0.1341860000000281
335,C,-0.6589999999999918,-0.6849810426540728,-0.6690019999998071,0.0259810426540809,0.0100019999998153
335,N,2.1920000000000073,2.0244388625591654,2.0726799999999344,0.1675611374408419,0.1193200000000729
335,NH,0.2600000000000015,-0.0032303317535511,0.0046959999999973,0.2632303317535527,0.2553040000000042
336,CA,-0.2550000000000025,0.0367535545023471,0.0144940000000062,-0.2917535545023497,-0.2694940000000088
336,C,-0.2529999999999859,-0.2177748815166751,-0.1851439999999797,-0.0352251184833107,-0.0678560000000061
336,N,-0.179000000000002,0.0196436018959786,-0.0633820000000895,-0.1986436018959807,-0.1156179999999125
336,NH,-0.0720000000000009,-0.3565492890995152,-0.3532780000000013,0.2845492890995142,0.2812780000000003
337,CA,0.2909999999999968,0.0883924170614562,0.1075159999999826,0.2026075829385405,0.1834840000000142
337,C,0.2139999999999986,-0.2759957345975294,-0.2428219999999896,0.4899957345975281,0.4568219999999883
337,N,3.831000000000003,2.504430331753568,2.4416980000000734,1.3265696682464352,1.3893019999999296
337,NH,0.1989999999999998,-0.0104066350710922,-0.008067999999989,0.2094066350710921,0.2070679999999889
338,CA,-0.3059999999999974,-0.2463075829384564,-0.2567200000000298,-0.0596924170615409,-0.0492799999999675
338,C,-0.5679999999999836,-0.9237464454975566,-0.8979399999999487,0.3557464454975729,0.329939999999965
338,N,2.444999999999993,1.6745071090049066,1.612662000000043,0.7704928909950866,0.8323379999999503
338,NH,0.1130000000000013,-0.0603388625592309,-0.0795320000000003,0.1733388625592322,0.1925320000000017
339,CA,-1.862000000000002,-2.0928999999999363,-2.0681459999999845,0.2308999999999343,0.2061459999999826
339,N,4.227000000000004,3.4883355450237303,3.5059900000000397,0.7386644549762735,0.7210099999999642
339,NH,0.2620000000000004,-0.0284156398104222,-0.0201659999999961,0.2904156398104227,0.2821659999999966
340,CA,0.0399999999999991,-0.1744199052132202,-0.1320800000000019,0.2144199052132194,0.1720800000000011
340,C,-0.1870000000000118,-0.7746995260662857,-0.7372400000000994,0.5876995260662738,0.5502400000000875
341,CA,0.171999999999997,0.6366355450237151,0.6326220000000617,-0.464635545023718,-0.4606220000000647
341,C,0.7860000000000014,-0.0386383886255146,0.0402260000000183,0.824638388625516,0.7457739999999831
341,N,0.3930000000000007,0.3188663507109481,0.2412560000001065,0.0741336492890525,0.1517439999998941
341,NH,0.2699999999999996,0.0313592417061769,0.0404379999999999,0.2386407582938225,0.2295619999999996
342,CA,0.2319999999999993,0.0677800947867695,0.1075600000000136,0.1642199052132298,0.1244399999999856
342,C,0.1220000000000141,-0.3905151658769057,-0.2792759999999816,0.5125151658769198,0.4012759999999957
342,N,1.884999999999991,0.9399497630328852,0.7893440000000567,0.9450502369671056,1.0956559999999342
342,NH,0.084999999999999,-0.2172900473933534,-0.2193700000000067,0.3022900473933525,0.3043700000000058
343,CA,0.7449999999999974,0.1179194312796028,0.1742040000000386,0.6270805687203946,0.5707959999999588
343,C,0.7479999999999905,-0.144043127962675,-0.0825920000001474,0.8920431279626655,0.8305920000001379
343,N,2.692999999999998,2.466885781990584,2.3243700000000587,0.226114218009414,0.3686299999999392
343,NH,-0.0050000000000007,-0.1700018957346039,-0.1920059999999974,0.1650018957346031,0.1870059999999966
344,CA,0.3729999999999975,0.0534767772512267,0.1276020000000244,0.3195232227487707,0.2453979999999731
344,C,0.0840000000000031,-0.070285781990492,0.021498000000065,0.1542857819904952,0.0625019999999381
344,N,0.9429999999999978,1.4162582938387942,1.0653779999999813,-0.4732582938387963,-0.1223779999999834
344,NH,0.0410000000000003,-0.1324085308056837,-0.1553120000000003,0.173408530805684,0.1963120000000007
345,CA,0.6099999999999994,0.2815895734597688,0.3970919999999935,0.3284104265402305,0.2129080000000058
345,C,0.3410000000000082,-0.3571075829383972,-0.2402199999999936,0.6981075829384054,0.5812200000000018
345,N,2.844999999999999,1.956493838862471,1.8373919999999515,0.8885061611375278,1.0076080000000474
345,NH,0.0120000000000004,0.0133274881516634,-0.0027519999999903,-0.0013274881516629,0.0147519999999907
346,CA,-0.073999999999998,-0.1181824644549891,-0.103017999999956,0.044182464454991,0.029017999999958
346,C,-0.1210000000000093,-0.2835023696677581,-0.2776540000000977,0.1625023696677487,0.1566540000000884
346,N,0.2229999999999989,-0.062305213270136,-0.2172059999999191,0.285305213270135,0.4402059999999181
346,NH,-0.1029999999999997,-0.321632701421823,-0.3334639999999949,0.2186327014218232,0.2304639999999951
347,CA,-0.4170000000000016,0.1494952606635706,0.104725999999971,-0.5664952606635723,-0.5217259999999726
347,C,-0.4180000000000063,-0.4098459715640388,-0.4432940000000371,-0.0081540284359675,0.0252940000000307
347,N,3.5929999999999893,2.9347118483414363,2.869876000000133,0.658288151658553,0.7231239999998564
347,NH,-0.0120000000000004,0.0823540284360166,0.0170760000000012,-0.0943540284360171,-0.0290760000000016
348,CA,0.431999999999995,0.2179331753554763,0.2700000000000244,0.2140668246445187,0.1619999999999706
348,C,0.6160000000000139,0.268204739336312,0.3191680000002179,0.3477952606637018,0.2968319999997959
348,N,1.7449999999999903,0.1419080568721398,0.2945259999998342,1.6030919431278503,1.450474000000156
348,NH,0.1399999999999988,-0.1394099526066519,-0.1259859999999903,0.2794099526066507,0.2659859999999892
349,CA,0.189,-0.2561582938388369,-0.2278300000000044,0.445158293838837,0.4168300000000045
349,C,-0.9089999999999918,-0.9853246445499052,-0.9571699999999908,0.0763246445499135,0.0481699999999989
349,N,2.6629999999999967,1.0418668246446998,1.2683859999999925,1.6211331753552969,1.3946140000000042
349,NH,0.282,0.0076620853080378,0.0161359999999994,0.2743379146919622,0.2658640000000005
350,CA,0.6280000000000001,0.3214663507109705,0.3386279999999786,0.3065336492890296,0.2893720000000215
350,C,0.4979999999999904,-0.0557099526066338,0.0481639999999856,0.5537099526066243,0.4498360000000048
350,N,0.9230000000000018,0.0461829383884975,-0.0284800000000444,0.8768170616115043,0.9514800000000464
350,NH,0.0589999999999992,-0.1221232227488027,-0.1304480000000012,0.181123222748802,0.1894480000000005
351,CA,0.546999999999997,-0.0228791469194078,0.0932639999999338,0.5698791469194049,0.4537360000000632
351,C,0.5310000000000059,-0.2638298578197577,-0.1857079999998632,0.7948298578197637,0.7167079999998691
351,N,-0.0759999999999934,-0.1806284360186225,-0.4250100000001282,0.1046284360186291,0.3490100000001348
351,NH,0.161999999999999,-0.1158734597156225,-0.112531999999998,0.2778734597156216,0.2745319999999971
352,CA,0.3119999999999976,0.1822009478673649,0.2671160000000299,0.1297990521326326,0.0448839999999677
352,C,0.3909999999999911,0.0213308056872847,0.1614020000001801,0.3696691943127064,0.229597999999811
352,N,0.6739999999999924,1.010112796208574,0.7924239999999401,-0.3361127962085817,-0.1184239999999476
352,NH,-0.0509999999999983,-0.0661327014217985,-0.0667280000000012,0.0151327014218001,0.0157280000000028
353,CA,1.1210000000000022,0.4264985781990447,0.6138400000000033,0.6945014218009575,0.507159999999999
353,C,0.375,-0.2075094786729607,0.0312539999999046,0.5825094786729608,0.3437460000000953
353,N,2.073999999999998,0.8510597156397068,0.9193039999998832,1.2229402843602912,1.154696000000115
353,NH,0.1029999999999997,-0.0161336492891059,-0.0109499999999975,0.1191336492891057,0.1139499999999973
354,CA,1.1570000000000036,0.6025473933649366,0.916853999999951,0.554452606635067,0.2401460000000526
354,C,0.8220000000000027,-0.1394744075830658,0.0917299999999841,0.9614744075830686,0.7302700000000186
354,N,0.8100000000000023,0.7871895734599121,0.5302999999999969,0.0228104265400901,0.2797000000000054
354,NH,0.1820000000000003,-0.0081345971563937,0.0105079999999979,0.1901345971563941,0.1714920000000024
355,CA,1.036999999999999,0.3253113744076898,0.5859540000000649,0.7116886255923092,0.4510459999999341
355,C,0.679000000000002,-0.0117829383886771,0.1435979999999972,0.6907829383886792,0.5354020000000048
355,N,-0.6549999999999869,-0.0394767772513517,-0.4595060000000472,-0.6155232227486351,-0.1954939999999396
355,NH,-0.0570000000000003,-0.0499426540284364,-0.0832639999999997,-0.0070573459715639,0.0262639999999994
356,CA,0.963000000000001,0.6222094786729997,0.7062899999999956,0.3407905213270013,0.2567100000000053
356,C,0.5049999999999955,-0.5501872037914382,-0.3647779999999159,1.0551872037914336,0.8697779999999113
356,N,-0.671999999999997,0.1322180094786489,-0.214958000000081,-0.804218009478646,-0.457041999999916
356,NH,-0.0199999999999995,-0.0536199052132531,-0.1065859999999983,0.0336199052132535,0.0865859999999987
357,CA,0.3200000000000003,0.1484018957346649,0.283734000000031,0.1715981042653354,0.0362659999999692
357,C,0.2100000000000079,-0.1774056872038443,-0.0710980000000631,0.3874056872038522,0.2810980000000711
357,N,-1.5360000000000014,-0.9749867298577186,-1.0342079999999785,-0.5610132701422827,-0.5017920000000231
357,NH,-0.2299999999999986,-0.1740369668246426,-0.2038360000000008,-0.055963033175356,-0.0261639999999978
358,CA,-0.0120000000000004,0.3926744075829163,0.4674040000000374,-0.4046744075829167,-0.4794040000000379
358,C,-0.2230000000000132,-0.3168938388623701,-0.2357960000000218,0.0938938388623569,0.0127960000000086
358,N,1.6180000000000092,1.8398255924170288,1.484410000000068,-0.2218255924170193,0.1335899999999412
358,NH,-0.1660000000000003,0.0411691943128058,0.0250419999999991,-0.2071691943128062,-0.1910419999999995
359,CA,0.3999999999999986,0.2099023696681854,0.3545920000000251,0.1900976303318131,0.0454079999999734
359,C,0.2600000000000193,0.0629725118483008,0.1222420000001136,0.1970274881517184,0.1377579999999056
359,N,0.9539999999999936,0.3986260663508005,0.342390000000023,0.555373933649193,0.6116099999999705
359,NH,-0.0060000000000002,-0.0861971563980876,-0.1015780000000017,0.0801971563980874,0.0955780000000015
360,CA,0.3279999999999958,0.6673450236965905,0.6420240000000206,-0.3393450236965947,-0.3140240000000247
360,C,-0.3449999999999988,-0.5488379146919158,-0.5409579999997902,0.2038379146919169,0.1959579999997913
360,N,2.2390000000000043,1.8661630331752832,1.8797199999999492,0.3728369668247211,0.3592800000000551
360,NH,0.091000000000001,-0.0660526066350826,-0.0998799999999988,0.1570526066350837,0.1908799999999999
361,CA,0.3590000000000017,0.0730289099526828,0.0892119999999678,0.2859710900473189,0.2697880000000339
361,C,-0.193000000000012,-0.6390009478675154,-0.5896159999997792,0.4460009478675033,0.3966159999997671
361,N,0.1679999999999921,-0.0771312796209287,-0.1385300000000455,0.2451312796209208,0.3065300000000377
361,NH,-0.032,-0.0936872037914646,-0.1092339999999971,0.0616872037914646,0.0772339999999971
362,CA,0.5779999999999959,0.033713270142158,0.0874660000000062,0.5442867298578378,0.4905339999999896
362,C,-0.2400000000000091,-0.689222748814899,-0.6730439999999476,0.4492227488148899,0.4330439999999385
362,N,-0.0150000000000005,-0.6904146919432179,-0.5577920000000063,0.6754146919432173,0.5427920000000057
362,NH,-0.2679999999999989,-0.3987658767772561,-0.3922759999999936,0.1307658767772572,0.1242759999999947
363,CA,0.2939999999999969,0.1142236966824228,0.0975459999999586,0.1797763033175741,0.1964540000000383
363,C,-0.5570000000000164,-0.5706061611376185,-0.6265580000000739,0.0136061611376021,0.0695580000000575
363,N,-0.3109999999999928,-0.0680928909954303,-0.0869840000000579,-0.2429071090045624,-0.2240159999999349
363,NH,-0.2739999999999991,-0.1824938388625661,-0.2030019999999979,-0.091506161137433,-0.0709980000000012
364,CA,0.0260000000000033,0.3749355450238454,0.358892000000047,-0.348935545023842,-0.3328920000000437
364,C,-1.3589999999999804,-1.2412872037916145,-1.2603159999999036,-0.1177127962083659,-0.0986840000000768
364,N,0.6479999999999961,0.6383464454976462,0.5691419999998999,0.0096535545023499,0.0788580000000962
364,NH,-0.3580000000000005,-0.2255303317535553,-0.2496980000000022,-0.1324696682464452,-0.1083019999999983
365,CA,-2.0660000000000025,-2.5693109004740364,-2.5340300000000155,0.5033109004740339,0.468030000000013
365,N,1.3389999999999986,0.515412322274841,0.4797639999998893,0.8235876777251576,0.8592360000001094
365,NH,-0.2490000000000005,-0.3502549763033151,-0.3674400000000037,0.1012549763033145,0.1184400000000032
366,CA,0.2299999999999968,0.114341232227531,0.0808660000000003,0.1156587677724658,0.1491339999999965
366,C,-0.3190000000000168,-1.1847635071092952,-1.1871659999999906,0.8657635071092784,0.8681659999999738
367,CA,0.3879999999999981,-0.0328492890995377,-0.005412000000021,0.4208492890995359,0.3934120000000192
367,C,0.5139999999999816,0.1526682464452733,0.2437179999998591,0.3613317535547082,0.2702820000001225
367,N,1.0460000000000065,-0.3942440758294339,-0.3363659999999271,1.4402440758294404,1.3823659999999336
367,NH,0.1210000000000004,-0.3216966824644434,-0.3141579999999964,0.4426966824644438,0.4351579999999968
368,CA,0.3699999999999974,0.4631729857821085,0.5529679999999857,-0.093172985782111,-0.1829679999999882
368,C,0.0380000000000109,-0.03814218009461,0.0367100000001414,0.0761421800946209,0.0012899999998694
368,N,2.062000000000012,1.7679976303319478,1.9061840000000243,0.294002369668064,0.1558159999999873
368,NH,0.209999999999999,-0.0858459715639714,-0.067683999999998,0.2958459715639705,0.2776839999999971
369,CA,0.1019999999999967,0.0553232227487541,0.095714000000008,0.0466767772512426,0.0062859999999886
369,C,0.2669999999999959,0.2142758293834958,0.1694040000000711,0.0527241706165,0.0975959999999247
369,N,0.3709999999999951,-0.156627488151642,-0.242048000000139,0.5276274881516372,0.6130480000001342
369,NH,0.0299999999999993,-0.1395246445497555,-0.1315680000000032,0.1695246445497549,0.1615680000000026
370,CA,0.3680000000000021,0.2717156398103668,0.2521919999999866,0.0962843601896352,0.1158080000000154
370,C,0.1539999999999963,-0.0371175355448372,-0.0344459999999458,0.1911175355448335,0.1884459999999421
370,N,2.159000000000006,1.2637706161138738,1.236511999999891,0.8952293838861323,0.922488000000115
370,NH,0.2119999999999997,0.0060677725118392,-0.0248640000000044,0.2059322274881605,0.2368640000000041
371,CA,-0.7540000000000049,-0.812106635071089,-0.8361779999999968,0.0581066350710841,0.0821779999999918
371,N,-0.2819999999999965,-0.7429383886254755,-0.7309700000000134,0.460938388625479,0.4489700000000169
371,NH,-0.0779999999999994,-0.3176578199052162,-0.3237359999999976,0.2396578199052168,0.2457359999999981
379,C,-0.945999999999998,-1.3563189573458487,-1.3886279999998692,0.4103189573458508,0.4426279999998712
380,CA,-1.5429999999999993,-1.738606635071143,-1.7517920000000018,0.1956066350711438,0.2087920000000025
380,N,2.257000000000005,1.4684170616114611,1.3276099999999644,0.7885829383885437,0.9293900000000406
380,NH,0.1440000000000001,0.0444123222748711,0.0379659999999972,0.099587677725129,0.1060340000000028
381,CA,0.6280000000000001,0.5435701421800303,0.5738740000000391,0.0844298578199698,0.054125999999961
381,C,-0.3410000000000082,-1.0117597156394709,-0.9534859999997992,0.6707597156394627,0.6124859999997909
382,CA,-0.0949999999999988,0.0058137440759011,-0.0151279999999545,-0.1008137440759,-0.0798720000000443
382,C,0.0989999999999895,-0.4788995260663284,-0.4466320000000223,0.577899526066318,0.5456320000000119
382,N,0.6820000000000022,-1.857952132701442,-1.7495000000000689,2.539952132701444,2.431500000000071
382,NH,0.5739999999999998,-0.1244639810426608,-0.0792740000000016,0.6984639810426607,0.6532740000000015
383,CA,0.6300000000000026,0.4946620853079935,0.5204359999999895,0.135337914692009,0.1095640000000131
383,C,0.0339999999999918,-0.3208938388624744,-0.3004660000001138,0.3548938388624663,0.3344660000001056
383,N,2.0690000000000026,0.9555677725119552,0.9192300000000132,1.1134322274880477,1.1497699999999895
383,NH,0.1349999999999998,-0.149772985782004,-0.1549920000000035,0.2847729857820038,0.2899920000000033
384,CA,0.0790000000000006,0.2134549763033391,0.2461739999999963,-0.1344549763033384,-0.1671739999999957
384,C,0.0360000000000013,-0.5357800947865883,-0.4577879999997662,0.5717800947865896,0.4937879999997676
384,N,0.2920000000000016,-0.3164000000002147,-0.4251820000001061,0.6084000000002163,0.7171820000001077
384,NH,0.2430000000000003,0.0342540284360026,0.0134419999999977,0.2087459715639976,0.2295580000000026
385,CA,-0.259999999999998,-0.1715270142179648,-0.0870159999999984,-0.0884729857820332,-0.1729839999999995
385,C,-0.1539999999999963,-0.3881853080567623,-0.3660140000000922,0.2341853080567659,0.2120140000000958
385,N,2.021000000000001,0.8360502369667131,0.7632260000000315,1.1849497630332877,1.2577739999999693
385,NH,0.0469999999999988,-0.1241720379146915,-0.1412420000000054,0.1711720379146903,0.1882420000000042
386,CA,-0.1049999999999968,-0.118629383886244,-0.1293559999999942,0.0136293838862471,0.0243559999999973
386,C,-0.539999999999992,-0.4878568720378382,-0.4498539999999593,-0.0521431279621538,-0.0901460000000327
386,N,5.85499999999999,4.79147109004731,4.635016000000036,1.06352890995268,1.219983999999954
386,NH,0.2400000000000002,0.1139199052132742,0.1087439999999961,0.126080094786726,0.131256000000004
387,CA,0.009999999999998,0.2623739336491937,0.3158920000000051,-0.2523739336491957,-0.3058920000000071
387,C,0.2939999999999827,0.0333142180095364,0.1036979999998664,0.2606857819904462,0.1903020000001163
387,N,3.861000000000004,2.157591469194145,2.117773999999997,1.7034085308058593,1.743226000000007
387,NH,0.1920000000000001,-0.0026075829383902,0.0127259999999953,0.1946075829383904,0.1792740000000048
388,CA,0.0850000000000008,0.1434734597156151,0.1641359999999139,-0.0584734597156142,-0.079135999999913
388,C,-0.7659999999999911,-0.7424924170616407,-0.7468680000000063,-0.0235075829383504,-0.0191319999999848
388,N,1.8769999999999951,1.730394312796193,1.5695199999999545,0.1466056872038024,0.3074800000000408
388,NH,0.1930000000000014,0.0747862559241703,0.0618600000000029,0.118213744075831,0.1311399999999984
389,CA,-2.0999999999999943,-1.6127407582938815,-1.5940539999999856,-0.4872592417061128,-0.5059460000000087
389,N,1.6859999999999928,1.8327364928911152,1.7976139999999248,-0.1467364928911223,-0.1116139999999319
389,NH,0.2269999999999985,-0.0779545023696588,-0.0893720000000026,0.3049545023696574,0.3163720000000012
390,CA,0.6289999999999978,0.4631696682465431,0.5399680000000018,0.1658303317534546,0.089031999999996
390,C,-0.0460000000000206,-0.6361137440758,-0.520014000000117,0.5901137440757793,0.4740140000000963
391,CA,0.5229999999999961,0.0833909952606362,0.2108140000000489,0.4396090047393599,0.3121859999999472
391,C,0.4029999999999916,-0.2078706161139507,-0.0529519999999479,0.6108706161139423,0.4559519999999395
391,N,-1.3400000000000034,-0.8425549763035463,-0.9658720000000188,-0.4974450236964571,-0.3741279999999847
391,NH,-0.0129999999999999,-0.2587644549762951,-0.2599360000000015,0.2457644549762951,0.2469360000000016
392,CA,0.0309999999999988,0.3433374407583542,0.5211559999999693,-0.3123374407583554,-0.4901559999999705
392,C,-0.0960000000000036,-0.4677260663506786,-0.2815280000001792,0.3717260663506749,0.1855280000001755
392,N,-0.5060000000000002,0.0377715639808542,-0.076728000000017,-0.5437715639808545,-0.4292719999999832
392,NH,-0.3429999999999999,-0.2464791469194303,-0.2510620000000028,-0.0965208530805696,-0.0919379999999971
393,CA,0.6779999999999973,0.1442279620852673,0.3682320000000132,0.5337720379147299,0.309767999999984
393,C,0.9029999999999916,0.3182440758291704,0.3839099999998723,0.5847559241708211,0.5190900000001193
393,N,0.8340000000000032,0.1600848341233671,0.088857999999945,0.673915165876636,0.7451420000000581
393,NH,-0.1929999999999996,-0.1854805687203651,-0.2097039999999967,-0.0075194312796345,0.0167039999999971
394,CA,0.597999999999999,-0.0190540284360452,0.2067259999999962,0.6170540284360442,0.3912740000000028
394,C,0.032999999999987,-0.6176867298572688,-0.3620920000000751,0.6506867298572558,0.3950920000000621
394,N,0.8149999999999977,0.2057123222747208,-0.0155180000000427,0.6092876777252769,0.8305180000000405
394,NH,0.1690000000000004,-0.0424180094786681,-0.0291239999999977,0.2114180094786686,0.1981239999999982
395,CA,1.212999999999994,0.3244000000000184,0.7214099999999917,0.8885999999999754,0.4915900000000022
395,C,0.9180000000000064,0.3227962085308604,0.6399360000000911,0.5952037914691459,0.2780639999999152
395,N,0.4089999999999918,0.236705687203667,0.5984719999999015,0.1722943127963248,-0.1894719999999097
395,NH,-0.08,-0.2380668246445356,-0.243310000000001,0.1580668246445356,0.1633100000000009
396,CA,1.9789999999999992,0.951045497630254,1.3839920000000203,1.0279545023697452,0.5950079999999787
396,C,1.4950000000000043,0.0858407582939264,0.4890180000001578,1.409159241706078,1.0059819999998467
396,N,3.044000000000011,2.3658488151660464,2.2844080000001696,0.6781511848339647,0.7595919999998415
396,NH,0.3899999999999988,0.1627213270142249,0.1333839999999924,0.2272786729857738,0.2566160000000064
397,CA,1.6370000000000005,0.7833071090048307,1.3639139999999514,0.8536928909951698,0.273086000000049
397,C,0.686000000000007,-0.1455943127964474,0.206009999999992,0.8315943127964545,0.479990000000015
397,N,-1.350999999999999,-1.9112796208528808,-1.7687099999998708,0.5602796208528815,0.4177099999998717
397,NH,0.0020000000000006,-0.2595744075829307,-0.2391539999999947,0.2615744075829314,0.2411539999999954
398,CA,1.7409999999999997,1.2275767772513009,1.656681999999961,0.513423222748699,0.0843180000000387
398,C,1.2249999999999943,0.1708644549762255,0.5705860000001053,1.0541355450237688,0.654413999999889
398,N,0.997,0.5019464454976372,-0.0305960000000737,0.4950535545023626,1.0275960000000737
398,NH,-0.2080000000000001,-0.1508758293838905,-0.1549720000000043,-0.0571241706161096,-0.0530279999999958
399,CA,1.6550000000000011,1.3706222748814767,1.659275999999963,0.2843777251185244,-0.0042759999999617
399,C,1.3129999999999882,0.7084431279621128,0.9238780000000304,0.6045568720378753,0.3891219999999578
399,N,-0.9259999999999876,-0.7368620853081325,-1.02780199999998,-0.1891379146918552,0.1018019999999921
399,NH,-0.1500000000000003,-0.0691644549763133,-0.1431099999999965,-0.080835545023687,-0.0068900000000038
400,CA,1.5420000000000016,1.2650170616113172,1.5331999999999724,0.2769829383886844,0.0088000000000292
400,C,1.3959999999999866,0.7502890995262703,0.9208960000000276,0.6457109004737163,0.4751039999999591
400,N,-0.9279999999999972,-0.777357819904978,-1.2276960000000088,-0.1506421800950192,0.2996960000000115
400,NH,-0.1779999999999999,-0.0837014218009457,-0.1869740000000028,-0.0942985781990541,0.0089740000000029
401,CA,1.3770000000000024,1.282794312796092,1.4137760000000412,0.0942056872039103,-0.0367760000000387
401,C,1.1550000000000011,0.7209284360185393,0.7686360000001002,0.4340715639814618,0.3863639999999009
401,N,-0.8019999999999925,-0.9677180094786736,-1.3813279999999537,0.1657180094786809,0.5793279999999612
401,NH,-0.0329999999999994,-0.1528189573459721,-0.2511979999999933,0.1198189573459727,0.2181979999999939
402,C,0.8530000000000086,0.7819966824642393,0.8494820000000516,0.0710033175357693,0.003517999999957
402,N,-1.5969999999999942,-1.1967161137438325,-1.4354119999999997,-0.4002838862561617,-0.1615879999999947
402,NH,-0.1900000000000004,-0.1826545023696537,-0.2508099999999977,-0.0073454976303466,0.0608099999999973
403,CA,0.5040000000000049,0.7229573459716221,0.7003319999999817,-0.2189573459716172,-0.1963319999999768
403,C,0.3700000000000045,0.1951966824647115,0.1409399999999721,0.174803317535293,0.2290600000000324
403,N,-2.0459999999999923,-1.74659383886258,-1.9290520000000555,-0.2994061611374121,-0.1169479999999367
403,NH,-0.2469999999999999,-0.1180644549763059,-0.1743559999999941,-0.1289355450236939,-0.0726440000000057
404,CA,0.2319999999999993,0.8026284360190061,0.6503919999999894,-0.5706284360190068,-0.4183919999999901
404,C,-0.2350000000000136,0.2802597156396871,0.2150060000000451,-0.5152597156397007,-0.4500060000000587
404,N,0.1419999999999959,-0.0176829383884324,-0.0281419999999457,0.1596829383884284,0.1701419999999416
404,NH,-0.0920000000000005,-0.0530426540284363,-0.0785360000000032,-0.0389573459715641,-0.0134639999999972
405,CA,0.3339999999999961,0.338780568720324,0.3057519999999911,-0.0047805687203279,0.0282480000000049
405,C,-0.1129999999999995,-0.5162255924167027,-0.505950000000098,0.4032255924167032,0.3929500000000985
405,N,2.353999999999999,1.9569047393366503,2.109769999999969,0.3970952606633489,0.2442300000000301
405,NH,0.0380000000000002,-0.022850236966823,-0.0344199999999901,0.0608502369668233,0.0724199999999903
406,CA,0.1920000000000001,0.2352644549762388,0.233665999999971,-0.0432644549762386,-0.0416659999999708
406,C,0.7009999999999934,0.3304597156397904,0.351655999999906,0.370540284360203,0.3493440000000873
406,N,0.2860000000000013,-0.2915151658768167,-0.2192500000000308,0.5775151658768181,0.5052500000000322
406,NH,0.0330000000000012,-0.3419800947867406,-0.3044000000000073,0.3749800947867419,0.3374000000000086
407,CA,0.2989999999999995,-0.2789748815165325,-0.2322459999999893,0.577974881516532,0.5312459999999888
407,C,-0.9240000000000066,-1.0271725118487325,-0.9931839999998716,0.1031725118487258,0.0691839999998649
407,N,1.3659999999999997,2.0903691943127853,1.9551119999999145,-0.7243691943127857,-0.5891119999999148
407,NH,0.0760000000000005,-0.1446364928910011,-0.1387480000000049,0.2206364928910016,0.2147480000000055
408,CA,0.3900000000000005,0.2441644549763353,0.1995160000000311,0.1458355450236652,0.1904839999999694
408,C,0.5609999999999786,0.160153080568449,0.2755319999999699,0.4008469194315296,0.2854680000000087
408,N,0.2049999999999983,0.2059194312795824,0.2191740000000805,-0.0009194312795841,-0.0141740000000822
408,NH,-0.1149999999999984,-0.2051516587677664,-0.2070780000000009,0.0901516587677679,0.0920780000000025
409,CA,1.1699999999999946,0.169412796208455,0.4920259999999956,1.0005872037915395,0.677973999999999
409,C,1.0759999999999934,0.1424843601895418,0.3919180000000608,0.9335156398104516,0.6840819999999326
409,N,1.456000000000003,1.2744004739336958,1.1241700000000776,0.1815995260663072,0.3318299999999254
409,NH,0.0860000000000003,-0.1163786729857729,-0.0852799999999991,0.2023786729857732,0.1712799999999994
410,CA,1.4310000000000045,0.6729853080569441,0.9768499999999848,0.7580146919430604,0.4541500000000198
410,C,1.031000000000006,-0.0742990521330568,0.176348000000047,1.1052990521330628,0.8546519999999589
410,N,0.3450000000000131,0.8750928909951483,0.3031380000000752,-0.5300928909951352,0.0418619999999378
410,NH,0.1600000000000001,0.0070393364928893,-0.0072779999999994,0.1529606635071108,0.1672779999999996
411,CA,0.6839999999999975,0.2429213270141588,0.5249559999999818,0.4410786729858387,0.1590440000000157
411,C,0.4440000000000168,0.105801421801317,0.2650919999998962,0.3381985781986998,0.1789080000001206
411,N,-1.8530000000000089,-1.0325924170615792,-1.4066339999999684,-0.8204075829384294,-0.4463660000000402
411,NH,-0.1980000000000004,-0.1911886255924137,-0.2137040000000016,-0.0068113744075866,0.0157040000000012
412,CA,0.8569999999999993,0.4038151658768711,0.4973340000000021,0.4531848341231281,0.3596659999999971
412,C,0.6759999999999877,-0.1558104265401141,-0.0514280000000155,0.8318104265401018,0.7274280000000033
412,N,2.1059999999999945,2.088505687203721,1.884902000000011,0.0174943127962734,0.2210979999999835
412,NH,-0.157,-0.1264113744075938,-0.2389319999999957,-0.0305886255924061,0.0819319999999956
413,CA,0.2749999999999986,0.3457113744075855,0.4024399999999914,-0.0707113744075869,-0.1274399999999929
413,C,0.7369999999999948,0.463592417061875,0.5077760000000637,0.2734075829381197,0.229223999999931
413,N,-0.3179999999999978,0.1555928909950523,-0.0674340000000341,-0.4735928909950502,-0.2505659999999636
413,NH,-0.0619999999999993,-0.2181056872037903,-0.231253999999998,0.1561056872037909,0.1692539999999986
414,CA,0.232999999999997,-0.1224947867298951,-0.0635440000000002,0.3554947867298921,0.2965439999999972
414,C,-0.789999999999992,-0.9522800947867154,-0.9244079999999996,0.1622800947867233,0.1344080000000076
414,N,1.0300000000000011,0.4592052132701525,0.2834240000000108,0.5707947867298486,0.7465759999999904
414,NH,0.0390000000000014,-0.0510132701421888,-0.0650940000000037,0.0900132701421903,0.1040940000000052
415,CA,0.7560000000000002,0.4870914691942545,0.5225799999999339,0.2689085308057457,0.2334200000000663
415,C,0.8509999999999991,0.4939080568724421,0.4939219999997419,0.357091943127557,0.3570780000002571
415,N,1.0740000000000125,0.3202715639811231,0.2776580000000734,0.7537284360188892,0.7963419999999388
415,NH,0.189,-0.0598123222748743,-0.0558599999999973,0.2488123222748743,0.2448599999999974
416,CA,0.1159999999999996,-0.3538099526067171,-0.3024760000000199,0.4698099526067167,0.4184760000000196
416,C,-0.8540000000000134,-0.5443189573459506,-0.5145060000000399,-0.3096810426540628,-0.3394939999999735
416,N,-0.5279999999999916,-0.9349990521324684,-1.0150880000000768,0.4069990521324769,0.4870880000000852
416,NH,0.2030000000000011,-0.0640075829383768,-0.0486559999999887,0.267007582938378,0.2516559999999899
417,CA,0.3780000000000001,0.2320274881516937,0.2122739999999936,0.1459725118483064,0.1657260000000064
417,C,-0.0900000000000034,-0.1648047393365743,-0.2355000000003713,0.0748047393365709,0.1455000000003679
417,N,1.003,0.0098355450236624,0.0479059999999975,0.9931644549763377,0.9550940000000026
417,NH,0.0380000000000002,-0.1033682464454983,-0.1109079999999913,0.1413682464454986,0.1489079999999916
418,C,0.3170000000000073,0.0346331753556228,0.0008320000001162,0.2823668246443844,0.316167999999891
418,N,0.2700000000000102,0.7561398104267028,0.6448119999999307,-0.4861398104266925,-0.3748119999999204
418,NH,0.2279999999999997,0.0685976303317446,0.0396640000000019,0.1594023696682551,0.1883359999999978
419,CA,-0.5829999999999984,-0.8956322274881003,-0.8760560000000197,0.3126322274881019,0.2930560000000213
419,N,-0.6970000000000027,-0.4112630331753735,-0.4631700000000052,-0.2857369668246292,-0.2338299999999975
419,NH,-0.0609999999999999,-0.2420194312796173,-0.2555759999999996,0.1810194312796174,0.1945759999999996
420,CA,0.4459999999999979,0.2628947867298379,0.2944259999999801,0.18310521327016,0.1515740000000178
420,C,0.5699999999999932,-0.0120995260664358,0.0155799999999999,0.582099526066429,0.5544199999999933
421,CA,0.1580000000000012,-0.1813308056872102,-0.1460000000000079,0.3393308056872115,0.3040000000000091
421,C,-0.4339999999999975,-0.3722540284364584,-0.3143539999999802,-0.0617459715635391,-0.1196460000000172
421,N,1.3130000000000024,1.314982938388681,1.4363939999999502,-0.0019829383886786,-0.1233939999999478
421,NH,0.4100000000000001,0.0903345971563922,0.112248000000001,0.3196654028436079,0.2977519999999991
422,CA,0.4269999999999996,0.3458952606636103,0.331728000000048,0.0811047393363892,0.0952719999999516
422,C,0.5480000000000018,0.7554037914688934,0.7876640000001487,-0.2074037914688915,-0.2396640000001468
422,N,-0.0520000000000067,0.5504298578197648,0.6121839999999565,-0.6024298578197715,-0.6641839999999632
422,NH,0.0,-0.1012090047393421,-0.1199300000000054,0.1012090047393421,0.1199300000000054
423,CA,-0.0249999999999985,-0.190579620853093,-0.1929899999999733,0.1655796208530944,0.1679899999999747
423,C,-1.063999999999993,-0.9737436018954496,-0.90683599999997,-0.0902563981045432,-0.1571640000000229
423,N,2.1270000000000095,1.7414597156399054,1.7850900000001388,0.3855402843601041,0.3419099999998707
423,NH,0.3070000000000004,0.0867853080568821,0.088757999999995,0.2202146919431182,0.2182420000000053
424,CA,-1.7959999999999994,-1.9575312796208024,-1.9138980000000387,0.161531279620803,0.1178980000000393
424,N,1.2120000000000033,1.0347127962084244,1.1360320000000428,0.1772872037915789,0.0759679999999605
424,NH,-0.0289999999999999,-0.4011251184834101,-0.3937960000000027,0.3721251184834102,0.3647960000000028
425,CA,0.4209999999999994,0.3578127962086341,0.4052860000000606,0.0631872037913652,0.0157139999999387
425,C,-0.1180000000000234,-0.6011819905213258,-0.5311880000000144,0.4831819905213024,0.413187999999991
426,CA,0.181999999999995,0.1283251184833744,0.1895420000000172,0.0536748815166205,-0.0075420000000221
426,C,-0.0169999999999959,0.1549208530806254,0.2380559999998297,-0.1719208530806213,-0.2550559999998256
426,N,0.2279999999999944,-0.2182815165876519,-0.3516679999999894,0.4462815165876463,0.5796679999999839
426,NH,0.1389999999999993,-0.2631867298578054,-0.2697639999999968,0.4021867298578048,0.4087639999999961
427,CA,0.7439999999999998,0.366766350710904,0.4782440000000107,0.3772336492890957,0.265755999999989
427,C,0.2079999999999984,-0.3206611374407941,-0.1956279999999992,0.5286611374407926,0.4036279999999976
427,N,3.5730000000000075,2.2722473933650633,2.358726000000047,1.3007526066349442,1.2142739999999606
427,NH,0.2679999999999989,-0.0989090047393297,-0.1265179999999919,0.3669090047393286,0.3945179999999908
428,CA,0.6559999999999988,0.393916587677694,0.5019679999999553,0.2620834123223048,0.1540320000000434
428,N,0.1540000000000105,0.061981516587636,-0.0408239999999864,0.0920184834123745,0.194823999999997
428,NH,0.145999999999999,-0.0386165876777351,-0.0467259999999978,0.1846165876777341,0.1927259999999968
429,CA,0.6760000000000019,0.3282545023697807,0.3853599999999915,0.3477454976302212,0.2906400000000104
429,C,0.5490000000000066,-0.1695635071088475,-0.1099439999999845,0.7185635071088541,0.6589439999999911
429,N,0.2740000000000009,-0.1584677725119263,-0.3458299999998928,0.4324677725119272,0.6198299999998937
429,NH,0.1549999999999993,-0.0307165876777126,-0.0559559999999947,0.185716587677712,0.2109559999999941
430,CA,0.2650000000000005,0.157894312796138,0.2907840000000377,0.1071056872038624,-0.0257840000000371
430,C,0.3079999999999927,0.1347800947870041,0.2428440000000762,0.1732199052129885,0.0651559999999165
430,N,-0.9320000000000022,-0.3365582938388485,-0.4366159999999723,-0.5954417061611537,-0.4953840000000298
430,NH,-0.0250000000000003,-0.0677582938388532,-0.0748400000000053,0.0427582938388528,0.0498400000000049
431,CA,0.3469999999999942,0.3368791469194931,0.4310179999999519,0.010120853080501,-0.0840179999999577
431,C,0.1380000000000052,-0.1765317535545705,-0.1002599999999631,0.3145317535545757,0.2382599999999683
431,N,2.066999999999993,1.8337345971561805,1.7504220000000288,0.2332654028438128,0.3165779999999643
431,NH,0.08,-0.0840990521327178,-0.0876119999999964,0.1640990521327179,0.1676119999999965
432,CA,0.5839999999999961,0.1556469194311915,0.2476220000000211,0.4283530805688045,0.336377999999975
432,C,-0.1059999999999945,-0.4345402843600823,-0.2915400000001114,0.3285402843600877,0.1855400000001168
432,N,1.7759999999999962,1.4255023696683793,1.3916140000000323,0.3504976303316169,0.3843859999999637
432,NH,0.0489999999999994,-0.189751658767781,-0.2106159999999981,0.2387516587677804,0.2596159999999976
433,CA,0.456000000000003,0.3921369668245731,0.4077799999999882,0.0638630331754299,0.0482200000000148
433,C,-0.3919999999999959,-0.682554502369527,-0.650940000000162,0.290554502369531,0.258940000000166
433,N,1.350999999999999,2.0952943127960992,1.830564000000024,-0.7442943127961001,-0.4795640000000247
433,NH,-0.0939999999999994,-0.1314056872037934,-0.160358000000004,0.037405687203794,0.0663580000000045
434,CA,0.5779999999999959,0.0135374407583199,0.1240320000000423,0.5644625592416759,0.4539679999999535
434,C,0.0459999999999922,-0.2930246445497175,-0.211336000000216,0.3390246445497098,0.2573360000002083
434,N,0.8130000000000024,1.1539156398101795,0.9774519999999852,-0.3409156398101771,-0.1644519999999829
434,NH,-0.3399999999999989,-0.2974620853080667,-0.3011639999999964,-0.0425379146919322,-0.0388360000000025
435,CA,0.2169999999999987,-0.259768720379121,-0.1410460000000029,0.4767687203791197,0.3580460000000016
435,C,-0.3889999999999816,-0.0048265402839149,-0.0738040000001092,-0.3841734597160666,-0.3151959999998723
435,N,0.448999999999998,-0.3681687203791171,-0.1397040000000089,0.8171687203791151,0.588704000000007
435,NH,-0.2650000000000005,-0.1453763033175228,-0.1757539999999924,-0.1196236966824777,-0.0892460000000081
436,CA,0.4149999999999991,0.741433649289057,0.5841740000000044,-0.3264336492890578,-0.1691740000000052
436,C,0.0619999999999834,-0.1419388625593001,-0.257879999999858,0.2039388625592835,0.3198799999998414
436,N,2.805000000000007,1.068878672985747,1.0801699999999812,1.73612132701426,1.7248300000000256
436,NH,-0.0220000000000002,-0.1456137440758169,-0.2093240000000076,0.1236137440758167,0.1873240000000073
437,CA,-0.3620000000000019,0.079902843601836,-0.0580599999999762,-0.4419028436018379,-0.3039400000000256
437,C,0.0029999999999859,0.0559222748821355,-0.0415959999998847,-0.0529222748821496,0.0445959999998706
437,N,0.8389999999999986,-0.6573246445498313,-0.3961900000000184,1.49632464454983,1.235190000000017
437,NH,-0.0660000000000007,-0.2445402843601964,-0.2369360000000036,0.1785402843601957,0.1709360000000028
438,CA,-0.6550000000000011,-0.4608914691942942,-0.5864979999999989,-0.1941085308057069,-0.0685020000000022
438,C,-0.6730000000000018,-0.2416061611374402,-0.3154259999998885,-0.4313938388625615,-0.3575740000001133
438,N,1.6089999999999949,0.0869388625593217,0.4835400000000334,1.522061137440673,1.1254599999999613
438,NH,-0.0660000000000007,-0.3218251184834049,-0.3519959999999935,0.2558251184834041,0.2859959999999928
439,CA,0.7640000000000029,0.5881293838864181,0.622376000000088,0.1758706161135848,0.1416239999999149
439,C,0.4449999999999932,-0.1025246445500727,-0.0210900000001572,0.5475246445500659,0.4660900000001504
439,N,3.5500000000000114,2.3571189573461737,2.33121399999996,1.1928810426538377,1.2187860000000512
439,NH,0.2889999999999997,0.0082928909952553,0.0426280000000041,0.2807071090047444,0.2463719999999956
440,CA,0.5020000000000024,0.0329241706161553,0.1117360000000005,0.469075829383847,0.3902640000000019
440,C,0.3559999999999945,-0.1862165876777624,-0.1146500000000401,0.5422165876777569,0.4706500000000346
440,N,-0.1140000000000043,-0.1519919431278396,-0.1732560000000091,0.0379919431278352,0.0592560000000048
440,NH,0.1370000000000004,-0.0129497630331822,-0.0144300000000026,0.1499497630331827,0.151430000000003
441,CA,0.7620000000000005,0.583679146919394,0.6100279999999927,0.1783208530806064,0.1519720000000077
441,C,0.7120000000000175,0.421545023696467,0.4621200000001124,0.2904549763035504,0.249879999999905
441,N,1.7609999999999957,1.1109606635072709,0.9889300000001242,0.6500393364927248,0.7720699999998715
441,NH,0.1440000000000001,-0.0134056872037824,-0.0348380000000005,0.1574056872037825,0.1788380000000007
442,CA,0.3739999999999952,-0.02855687203796,0.020829999999961,0.4025568720379553,0.3531700000000342
442,C,-0.7180000000000177,-0.7380398104266135,-0.7111980000001097,0.0200398104265957,-0.006801999999908
442,N,1.022999999999996,2.1664483412322397,2.001469999999955,-1.1434483412322436,-0.9784699999999588
442,NH,0.2530000000000001,0.1200947867298509,0.125978000000007,0.1329052132701491,0.127021999999993
443,CA,-0.1209999999999951,-0.2617056872038503,-0.2691140000000303,0.1407056872038552,0.1481140000000351
443,C,-0.1750000000000113,-0.2524454976301342,-0.2385060000000294,0.0774454976301228,0.063506000000018
443,N,-0.1880000000000024,-0.4974658767771984,-0.5452360000000169,0.309465876777196,0.3572360000000145
443,NH,-0.1219999999999998,-0.1718312796208785,-0.1834459999999964,0.0498312796208786,0.0614459999999965
444,CA,0.4699999999999988,0.2662853080568439,0.2560100000000034,0.2037146919431549,0.2139899999999954
444,C,0.1500000000000056,-0.3570009478675331,-0.3460060000000737,0.5070009478675388,0.4960060000000794
444,N,1.9869999999999948,1.6243715639813132,1.4721860000000646,0.3626284360186815,0.5148139999999302
444,NH,0.0429999999999992,-0.0095573459715634,-0.0241659999999992,0.0525573459715627,0.0671659999999985
445,CA,-0.6870000000000047,-0.4673189573460306,-0.5115919999999861,-0.2196810426539741,-0.1754080000000186
445,C,0.0019999999999811,-0.0452142180095904,-0.0442000000000746,0.0472142180095715,0.0462000000000557
445,N,-0.1419999999999959,-0.2292251184834981,-0.273115999999959,0.0872251184835022,0.1311159999999631
445,NH,0.0129999999999999,-0.2466137440758196,-0.2382679999999979,0.2596137440758195,0.2512679999999978
446,CA,-0.5720000000000027,-0.8698308056872364,-0.8629499999999837,0.2978308056872336,0.2909499999999809
446,N,1.4500000000000028,1.8213066350709397,1.6753759999999716,-0.3713066350709368,-0.2253759999999687
446,NH,-0.1039999999999992,-0.0951563981042564,-0.1141019999999972,-0.0088436018957427,0.010101999999998
