q_Ainv,I_exp,sigma_exp,I_pool,I_selected
0.012,1.5248817674431911,0.065198676003152,1.5156549718046624,1.534478098420061
0.013,1.586984508109712,0.0565672752848471,1.501356004774525,1.523800849030753
0.014,1.5263032589632777,0.0514521667978093,1.4861237132011993,1.512380144330009
0.015,1.4877284759827272,0.0463770152699221,1.4700029201861973,1.500239738384722
0.016,1.4901155084489812,0.0423643843457449,1.453040298679039,1.4874052168195984
0.017,1.4993810657197402,0.0385299700426916,1.4352843228276797,1.473903121309057
0.018,1.4300822867312937,0.0361222703688103,1.4167847702359948,1.4597608563161009
0.019,1.4678147555503556,0.0340585675932588,1.3975930209562728,1.445007243017944
0.02,1.435090872355696,0.0322080159481566,1.3777610736540375,1.4296713759027715
0.021,1.467125578497274,0.0305328166350337,1.3573415204552024,1.413783485266728
0.022,1.439183542799401,0.0292315319179375,1.3363876578095983,1.397374498161868
0.023,1.387597110941946,0.0279789938156843,1.3149530399457845,1.380475692004825
0.024,1.352989216402538,0.0270935250116157,1.2930907475397564,1.3631187892302483
0.025,1.3506015973994447,0.0260917166898588,1.2708540443910818,1.345335867708222
0.026,1.3355455286672506,0.0255239586923686,1.2482952255498438,1.3271590683034538
0.027,1.3250894246905924,0.0247309805106996,1.2254662993416847,1.3086210379499024
0.028,1.313536623213454,0.0239512186181555,1.2024179347406705,1.2897537899761364
0.029,1.2994188916044416,0.0235214442172752,1.1791998686897454,1.2705895928587512
0.03,1.2878293666476222,0.0230861587015713,1.1558604904951606,1.25116073986243
0.031,1.280302588399653,0.0225522357649786,1.132446594103394,1.2314984640581463
0.032,1.263461336706778,0.0220080580101154,1.109003602318719,1.2116344766641065
0.033,1.2403212837200757,0.0214979863729569,1.0855747969976492,1.1915993505642726
0.034,1.1989799722856234,0.0210545840086526,1.0622017711909066,1.1714236150251818
0.0349999999999999,1.2155584252790004,0.0206974667720874,1.0389243834187252,1.151136740952809
0.036,1.1972152446445126,0.0204024655122273,1.0157799052713246,1.1307675769427696
0.037,1.1691914694216698,0.0201696501369467,0.9928039299081752,1.1103443916506004
0.038,1.1551143923712135,0.0197654564509722,0.9700295253513964,1.089894843126681
0.039,1.1378076329017546,0.0192988013748395,0.947487654135832,1.0694447654904973
0.04,1.101681677303603,0.0191732127259778,0.9252070749779742,1.0490200770008888
0.041,1.070210844537259,0.0188204580925054,0.9032143567507795,1.0286449299743932
0.0419999999999999,1.0996310511666938,0.0186835028596687,0.8815334119895828,1.008343366790814
0.043,1.0430964634117632,0.0182241130609261,0.8601863181621312,0.9881373014118624
0.044,0.9978236191188088,0.0179601270704843,0.8391928827079109,0.968048582958242
0.045,1.0262902171280688,0.017935873602023,0.8185705714837024,0.9480972694399998
0.046,0.9920803446136428,0.0174631457226279,0.7983348220662568,0.9283026249573008
0.047,0.9993731290825888,0.0171250893634341,0.7784990889778671,0.9086827952599074
0.048,0.9825384089001497,0.0168271427450182,0.7590747004192,0.8892546380258242
0.0489999999999999,0.9294274935102304,0.0168178324704803,0.7400711046117944,0.8700340090474818
0.05,0.9139492961739124,0.0165315781778623,0.7214960897668424,0.8510358416758104
0.052,0.884569749522931,0.011472088763718,0.6856532343219348,0.8137596718208803
0.054,0.8469689391353811,0.0111226921268191,0.6515742171402672,0.7775221544826788
0.056,0.8022416095279011,0.0111931367344615,0.619263371773543,0.7424024719346498
0.058,0.794462117419755,0.0113829868756287,0.5887051821432489,0.7084638504614501
0.06,0.7480011083493877,0.011268286259483,0.5598668020327606,0.6757543285172777
0.062,0.7279384912761276,0.0108864928627817,0.5327013186611402,0.6443075825113016
0.064,0.7004595704036338,0.0105178202039189,0.5071508321234994,0.6141451823489282
0.066,0.6753069471023954,0.010294119615244,0.4831488845504187,0.5852765116019193
0.068,0.6399610090818105,0.0100321902300031,0.4606230144467158,0.5577006171970643
0.07,0.6170677952105994,0.0098773873857419,0.4394966849577359,0.5314075856253879
0.072,0.5879178074681716,0.0096488797129204,0.4196914672461337,0.5063795185236746
0.074,0.5711819178346831,0.0097172391429208,0.4011282918216454,0.482591708414273
0.076,0.5481538460395671,0.0096120080530054,0.3837289267513992,0.4600138022400024
0.078,0.5283064883191434,0.0093213028603912,0.367416963277111,0.4386108865148563
0.08,0.5079685536312962,0.0094304756025271,0.3521185281450601,0.4183439950963374
0.082,0.4904627292093112,0.0094967460363243,0.3377630369134607,0.3991718159956316
0.084,0.478591019293389,0.0094195863449556,0.3242835071244973,0.3810506593502835
0.086,0.4511457821556863,0.00909544921969,0.3116168145817775,0.363935441904668
0.088,0.4394349194016459,0.0090371931118512,0.2997038342638384,0.3477804008996123
0.09,0.4181778160559012,0.0091218970416954,0.2884894603823458,0.3325392909895263
0.092,0.4087993378716835,0.009085438685184,0.2779225787788161,0.3181662007825259
0.094,0.3926470743638019,0.0089793973091757,0.2679558991121483,0.3046155429722568
0.096,0.3792154510461192,0.0089650759851173,0.2585458344050262,0.2918426996149661
0.098,0.363815410509698,0.0089384151550815,0.2496522609368126,0.2798041128904213
0.1,0.344315497049181,0.0089097263151716,0.2412382933144661,0.2684574085509724
0.105,0.3248279531434356,0.0055321319101928,0.2220865530353937,0.2428536291428549
0.11,0.3041086344320755,0.005428909564073,0.2052717448408638,0.2207299908508621
0.115,0.2777832367900742,0.0053252426205954,0.1904248746478274,0.2015613767768328
0.12,0.2512432653918793,0.0052229605980804,0.1772463045488604,0.1848924320242196
0.125,0.2329610136238603,0.005203611236368,0.1654911418076064,0.1703354490958456
0.13,0.2141119082404674,0.005352180053412,0.1549579962298261,0.157564850126182
0.135,0.1933203879444012,0.0051689554376989,0.1454804316772613,0.1463100578707663
0.14,0.1748388449352477,0.0050614049462099,0.1369199298209704,0.1363473655929613
0.145,0.1625784570120243,0.004971786261859,0.1291599873519271,0.1274916886411923
0.15,0.1538357660247933,0.0050047129737978,0.1221008904077,0.1195888926189104
0.155,0.1460313960851125,0.0051451435058053,0.1156557716956615,0.112509228055413
0.16,0.1281961662087986,0.0051963290630267,0.1097480498440738,0.1061421523698611
0.165,0.1289959757484212,0.0052115178178373,0.1043103017045707,0.1003925022247221
0.17,0.1132756303723429,0.0052584591517346,0.0992843214808723,0.095177830215913
0.175,0.1018190469462067,0.0052562866470333,0.0946214102677979,0.0904267442307034
0.18,0.1015324810219843,0.0052273581207591,0.0902824125686263,0.0860778641377964
0.185,0.0946749704570394,0.005198388639958,0.0862367975891475,0.082079000986266
0.19,0.0809919573173836,0.0051636377728083,0.0824609718503422,0.0783865907896753
0.1950000000000001,0.0836924913368303,0.0052107420939668,0.0789360519465874,0.0749648923414287
0.2000000000000001,0.0780413428764301,0.0048357497081871,0.0756456952420396,0.0717850147351269
0.2050000000000001,0.0702086960734925,0.0049611350836649,0.072574533307304,0.0688236847550374
0.2100000000000001,0.069549440724978,0.0048594321828472,0.0697074180157698,0.0660620285348526
0.2150000000000001,0.0591678396786788,0.0048951091299251,0.0670292494069689,0.0634841678963977
0.2200000000000001,0.0615632945387583,0.0047237931437428,0.0645253128039702,0.0610760007231718
0.2250000000000001,0.0584904237987013,0.0046496807077269,0.0621815324636569,0.0588243805150878
0.2300000000000001,0.0606233818301423,0.0046813060971131,0.0599846764521648,0.0567166342088837
0.2350000000000001,0.0500971923579848,0.0046183248636693,0.0579222446772033,0.0547405070834976
0.2400000000000001,0.0616249867169459,0.0047699736451127,0.05598224614994,0.0528843211749759
0.2450000000000001,0.0471655508834316,0.004944376201294,0.0541531503435768,0.0511374680873499
0.2500000000000001,0.0486744737036276,0.0048064309961606,0.0524239979897962,0.0494906466698869
0.2550000000000001,0.0457422243628228,0.0050964431903069,0.0507847814867377,0.0479360231509671
0.2600000000000001,0.0407724082960248,0.0049846877765143,0.0492269028816636,0.0464670418542788
0.2650000000000001,0.039517805069077,0.0051906450814109,0.0477435711894219,0.0450780631416809
0.2700000000000001,0.0459582744292069,0.0053027982138793,0.0463298016960905,0.043763816397877
0.2750000000000001,0.0410514681561823,0.0049900695342014,0.044982096498329,0.0425189623138044
0.2800000000000001,0.0406467902042872,0.0055697618922127,0.0436977633245635,0.0413378121920029
0.2850000000000001,0.0304393033297361,0.005109129189732,0.0424741357647872,0.0402143490824142
0.2900000000000001,0.039132369723578,0.0053843153484532,0.0413079703313577,0.0391424863199587
0.2950000000000001,0.0288679850491624,0.0052625467017873,0.0401951953503581,0.0381164708293384
0.3000000000000001,0.0328117702819553,0.0053414872441411,0.0391310853230785,0.0371313195466008
0.3050000000000001,0.0286803567311271,0.0052271070218863,0.0381107380137485,0.036183102746689
0.3100000000000001,0.0382464094087786,0.0052285534563838,0.0371296447838026,0.0352690623072841
0.3150000000000001,0.0378680649003172,0.0052036920777191,0.0361841261906989,0.0343874958963385
0.3200000000000002,0.0334538762061569,0.0049064694522848,0.0352714748682761,0.0335375050195719
0.3250000000000002,0.0295591203742936,0.0049277904160296,0.0343898273964322,0.0327186731533606
0.3300000000000002,0.032808689639379,0.0049594828548974,0.0335378465750676,0.0319307504084489
0.3350000000000002,0.0313697358732883,0.004850121131825,0.0327144045345858,0.0311734147005686
0.3400000000000002,0.0348529453857598,0.0048045297440516,0.031918364661047,0.0304461000072057
0.3450000000000002,0.029750349194661,0.0049150048325699,0.0311485377719134,0.0297479032515949
0.3500000000000002,0.0274482648488135,0.0045583444797427,0.0304037486618971,0.0290775435661487
0.3550000000000002,0.0308181330803186,0.0047978828159656,0.0296829288058418,0.0284333577141331
0.3600000000000002,0.0233312821806596,0.0046282211328627,0.0289851765027891,0.0278133607207825
0.3650000000000002,0.0247220466184515,0.004724891598829,0.028309727428722,0.0272153358763442
0.3700000000000002,0.0243654797638587,0.0046133339678279,0.0276558875691424,0.0266370035442352
0.3750000000000002,0.0268041101481921,0.0044382636675827,0.027022954074317,0.0260762107359763
0.3800000000000002,0.0243372323553644,0.0043869027989836,0.0264101898823726,0.0255311398209859
0.3850000000000002,0.0255709713290168,0.0044491449207332,0.0258168281190498,0.0250004513179526
0.3900000000000002,0.0235928750243422,0.004234920347146,0.0252421231924707,0.0244833797561358
0.3950000000000002,0.0291492548614414,0.0043447975086265,0.0246853849712183,0.0239797042190514
0.4000000000000002,0.0204559352296178,0.0042136589082699,0.0241459852896112,0.0234896465395572
0.4050000000000002,0.0267971671725238,0.0047928960430746,0.0236233605946511,0.0230137195834056
0.4100000000000002,0.0264983323528526,0.0045703560427104,0.0231169863395655,0.0225525470365026
0.4150000000000002,0.0198290468164677,0.0048241592123838,0.022626382275776,0.0221067037021114
0.4200000000000002,0.0237268786123544,0.0041776352932778,0.0221511094645076,0.0216765938754526
0.4250000000000002,0.0231318252072655,0.0041340751035168,0.0216907680521673,0.0212623503383008
0.4300000000000002,0.0193525125927716,0.0042156286256255,0.0212449534450167,0.0208637801757096
0.4350000000000003,0.0243796342704262,0.0041892960227773,0.0208131839428049,0.0204803019396548
0.4400000000000003,0.0259830563384322,0.004109251605891,0.0203948090309714,0.0201109572812275
0.4450000000000003,0.0222157125016856,0.0040019014018893,0.0199889484345324,0.0197544148738753
0.4500000000000003,0.0231119958173857,0.0041218443441949,0.0195944921256222,0.0194090732930867
0.4550000000000003,0.0122357618144891,0.0039475671910095,0.0192102008379258,0.0190731981660048
0.4600000000000003,0.0212359521789855,0.0039661886990815,0.0188348680911777,0.0187451200467937
0.4650000000000003,0.0162697496423062,0.0039036756782513,0.0184675106755687,0.0184234439616332
0.4700000000000003,0.0197445123233765,0.0040141520365197,0.0181075141840717,0.0181072243225141
0.4750000000000003,0.0158389870773423,0.0037848450404581,0.017754686198854,0.0177960739723379
0.4800000000000003,0.0218273666736494,0.0040838376640649,0.0174092014421459,0.0174901672171848
0.4850000000000003,0.0183849327851552,0.0038333300950648,0.0170714646969082,0.0171901417566979
0.4900000000000003,0.0164164256423696,0.0038694409936827,0.0167419340231752,0.0168969372310714
0.4950000000000003,0.0199649951406331,0.0036598480896538,0.0164209739281903,0.0166115642590088
0.5,0.0204006665420403,0.004289549948274,0.0161087609513554,0.0163349173041606
