protein,ensemble,atom,stage,n_shifts,RMSD_ppm,MAE_ppm
WT,1,CA,raw,107,0.369930259803207,0.2994173520249193
WT,1,CA,all_shifts,107,0.2546848293359191,0.21618221175080468
WT,2,CA,raw,107,0.3747842793204073,0.3138445607476611
WT,2,CA,all_shifts,107,0.2557903581858666,0.2131463451616162
AA,1,CA,raw,103,0.38396383831662717,0.31614342306068655
AA,1,CA,all_shifts,103,0.29870191238014426,0.23608286977722487
AA,2,CA,raw,103,0.41003759401161227,0.33917961165048216
AA,2,CA,all_shifts,103,0.32440602454524475,0.27343297827583407
WT,1,C,raw,100,0.49363596021875755,0.40175193333331694
WT,1,C,all_shifts,100,0.3671490477673465,0.30416565593035244
WT,2,C,raw,100,0.5068850697652094,0.41284148000000215
WT,2,C,all_shifts,100,0.3789529326727386,0.3121010841396947
AA,1,C,raw,106,0.48155809758427537,0.3891543825329619
AA,1,C,all_shifts,106,0.4038189005397384,0.33021519161982354
AA,2,C,raw,106,0.5024011351558498,0.4032684528301889
AA,2,C,all_shifts,106,0.3970566598174785,0.3212155170011665
AA,1,CB,raw,93,0.35094310509593485,0.2470912719818745
AA,1,CB,all_shifts,93,0.29502015161864237,0.19742269986152916
AA,2,CB,raw,93,0.3440547067584858,0.23651892473118344
AA,2,CB,all_shifts,93,0.27977981877684793,0.1929326539587837
WT,1,N,raw,103,0.8028759455655311,0.6379192556634325
WT,1,N,all_shifts,103,0.661808937218282,0.5371855002552969
WT,2,N,raw,103,0.821397740268981,0.6556702524271821
WT,2,N,all_shifts,103,0.6451814466607059,0.5191023789414176
AA,1,N,raw,103,1.3760435224314085,1.1386992564210745
AA,1,N,all_shifts,103,1.1248939502181703,0.977713156590438
AA,2,N,raw,103,1.325636290232842,1.1055014757281578
AA,2,N,all_shifts,103,1.1344848528320381,0.9507129094518881
WT,1,NH,raw,103,0.215018703743527,0.17972210355986984
WT,1,NH,all_shifts,103,0.1939261503930336,0.16308950637528336
WT,2,NH,raw,103,0.21815735690311064,0.18187976699029076
WT,2,NH,all_shifts,103,0.19445995673251854,0.1607981096456559
AA,1,NH,raw,103,0.16914290961597134,0.13551745299866885
AA,1,NH,all_shifts,103,0.1450169890821984,0.11681222526304981
AA,2,NH,raw,103,0.16480915748098554,0.13160508737864085
AA,2,NH,all_shifts,103,0.1541205449042908,0.11920350449401958
