ensemble,view,n,Rg_mean_nm,Rg_SD_nm,Sa_mean,Sa_SD,contact_gt5_prob,contact_gt5_pairs,contact_gt5_count,contact_gt10_prob,contact_gt10_pairs,contact_gt10_count,contact_gt20_prob,contact_gt20_pairs,contact_gt20_count,C_RMSD_ppm,CA_RMSD_ppm,N_RMSD_ppm,NH_RMSD_ppm,SAXS_RMSD_intensity,SAXS_chi2_per_point,CB_RMSD_ppm
WT_base_raw,full,2000,3.342090169906616,0.7050122646047016,4.212196286911345,2.5153045404546446,0.058928375286041196,6555,386.2755,0.028156296914095085,5995,168.79700000000003,0.013884646464646464,4950,68.729,0.5020238865621681,0.3828300877758936,0.7888342586513709,0.21692756980283256,0.09485889940424601,20.7628591216058,
WT_base_ens1,full,500,3.208084423303604,0.8103854504818719,5.269950353866154,2.7387993247464166,0.07035636918382915,6555,461.18600000000004,0.038175813177648045,5995,228.86400000000003,0.0228420202020202,4950,113.068,0.424085704838012,0.30691241193588265,0.7794990991480939,0.21773188859517864,0.06201376109982484,7.923795947108884,
WT_base_ens2,full,500,3.2196861925125124,0.8046337144672862,5.466635545585219,2.7743198208406987,0.07011777269260108,6555,459.62200000000007,0.03779516263552961,5995,226.582,0.022456161616161617,4950,111.158,0.4195293557489383,0.3003923372208612,0.7919701283319605,0.2188210557804124,0.06255313948405136,7.943380493002568,
WT_base_ens3,full,500,3.1989191477298737,0.7719981117766986,5.215171550290862,2.686445427032111,0.07053028222730741,6555,462.326,0.03845004170141785,5995,230.50800000000004,0.022879191919191917,4950,113.252,0.4280144014290194,0.3061878512103729,0.7802400701163377,0.21698917046056704,0.06202399012550967,7.735178380524861,
WT_base_raw,R2R3,2000,1.9252151774168014,0.3506386877712187,2.930695069203201,2.3215273726495607,0.14370000000000002,1275,183.21750000000003,0.06747826086956522,1035,69.84,0.03231666666666666,630,20.359499999999997,0.5230779449407466,0.4305241783782821,0.6557984714446266,0.18864138931060798,,,
WT_base_ens1,R2R3,500,1.8121558647155762,0.3456115389852098,3.7873343268125765,2.5915848106255837,0.1645286274509804,1275,209.77400000000003,0.0846937198067633,1035,87.65800000000002,0.04720952380952381,630,29.742,0.4193686542961454,0.3198736157423335,0.6303771410125656,0.18841468054091104,,,
WT_base_ens2,R2R3,500,1.8151824083328247,0.3459093110840334,3.948946863442238,2.621232476650704,0.16506666666666667,1275,210.46,0.08431884057971016,1035,87.27000000000001,0.04535555555555556,630,28.574,0.41323130900827415,0.3023490131469956,0.6588223376583072,0.19018388261598007,,,
WT_base_ens3,R2R3,500,1.788273467540741,0.33135581721573926,3.7056497461336195,2.521992095791896,0.16870431372549022,1275,215.098,0.08878067632850242,1035,91.888,0.04975238095238096,630,31.344,0.4239965272980225,0.32009778835236585,0.6367661862261746,0.18795564607325482,,,
WT_expanded_raw,full,2110,3.342966001180676,0.7034919664963107,4.355273076942583,2.6284938040762196,0.058975276642048144,6555,386.58293838862556,0.02811458205692738,5995,168.54691943127963,0.013823543491789936,4950,68.42654028436019,0.4960020203475263,0.3764167236349609,0.7872682414761996,0.21680363803875466,0.09487947264240114,20.776019802280455,
WT_expanded_ens1,full,500,3.206419478416443,0.8008098602141527,5.549945131029028,2.890460780019451,0.07108222730739894,6555,465.9440000000001,0.03906221851542953,5995,234.17800000000003,0.02355191919191919,4950,116.582,0.41652869828616146,0.3026134604326584,0.7727207552027324,0.21848206867490533,0.06047423548674792,7.337462871172319,
WT_expanded_ens2,full,500,3.199781542778015,0.8136951631954445,5.64434396032499,2.9779373149338304,0.07087414187643021,6555,464.58000000000004,0.03880166805671394,5995,232.61600000000004,0.023533737373737373,4950,116.49199999999999,0.4162712037087329,0.29700677656192453,0.7778144252603414,0.21770191072376188,0.06010951487778289,7.403312789437409,
WT_expanded_ens3,full,500,3.204474655151367,0.7947233093955751,5.538723068620612,2.975249409554606,0.07048237986270023,6555,462.012,0.03826622185154295,5995,229.406,0.023019797979797977,4950,113.948,0.4201069257292007,0.2956849021372708,0.7634221137144118,0.21709393714466332,0.062161307020920584,7.897947642425938,
WT_expanded_raw,R2R3,2110,1.9265915749197322,0.3511370446201136,3.063643809150182,2.4274049490091336,0.14371898522442153,1275,183.24170616113744,0.0671021361357236,1035,69.45071090047394,0.0318867072895509,630,20.088625592417063,0.5129594610903103,0.4191430465524922,0.6521505612013935,0.18845092947833436,,,
WT_expanded_ens1,R2R3,500,1.7939673140048982,0.3492864984538631,4.005392499796831,2.689035612777345,0.16747764705882354,1275,213.53400000000002,0.0880888888888889,1035,91.17200000000001,0.051092063492063494,630,32.188,0.410522172358793,0.3076090325449821,0.6238491436873732,0.19127898775736313,,,
WT_expanded_ens2,R2R3,500,1.811446695804596,0.3663775360825066,4.03899064719178,2.742047987486965,0.16562980392156862,1275,211.178,0.0861777777777778,1035,89.19400000000002,0.04961904761904762,630,31.26,0.4116057000368982,0.3044209655890201,0.6178803992467041,0.18959764626156625,,,
WT_expanded_ens3,R2R3,500,1.8168824045658112,0.3547299346231377,3.9936504045368304,2.7612164507271384,0.16340235294117647,1275,208.338,0.08373913043478262,1035,86.67000000000002,0.04664444444444445,630,29.386000000000003,0.4130016038308549,0.31005120180418827,0.6187382236956495,0.19037760002650495,,,
AA_base_raw,full,2000,3.273616940021515,0.6835452293148072,4.441990259247757,2.6074658199338403,0.06135430968726163,6555,402.1775,0.029588323603002502,5995,177.382,0.014327272727272728,4950,70.92,0.49280420315982826,0.3959271226841113,1.352938242311406,0.16464072195189813,0.025332345158211186,6.859315865992221,0.3439008202813515
AA_base_ens1,full,500,3.177336514234543,0.6449744932493996,5.9092085153103255,2.9082824622979393,0.06361220442410374,6555,416.97800000000007,0.031210675562969147,5995,187.10800000000003,0.01670949494949495,4950,82.712,0.4027135354454655,0.3101227245329946,1.3243982752519403,0.1550055393872679,0.040221182806798844,2.851180167595798,0.2951012210831618
AA_base_ens2,full,500,3.172517005443573,0.6524206716560665,5.968172277372898,2.9127405732588785,0.06320762776506483,6555,414.326,0.030588824020016683,5995,183.38000000000002,0.016316363636363636,4950,80.766,0.39626097063921306,0.31193598656483307,1.3513283946162706,0.15775452914225058,0.03999690249346517,2.916415653143488,0.2895141974586923
AA_base_ens3,full,500,3.1719851381778716,0.6368383960034325,5.946412404529217,2.8873806068328958,0.06363752860411899,6555,417.144,0.030836363636363637,5995,184.864,0.01613858585858586,4950,79.886,0.40145884861172265,0.3149352831374977,1.343512098997466,0.15730792387228826,0.04124691450026719,2.9476931515466274,0.28672976307610354
AA_base_raw,R2R3,2000,1.8733897450566293,0.3393354323447281,3.092541094364757,2.3767423104674585,0.1504713725490196,1275,191.851,0.0717169082125604,1035,74.227,0.033551587301587305,630,21.137500000000003,0.5291155890723783,0.41105673328426806,1.2750249189355265,0.14633458979963912,,,0.27684913443319437
AA_base_ens1,R2R3,500,1.8262950012683867,0.3373026241256688,4.30565003177729,2.6575430700683316,0.15632784313725492,1275,199.31800000000004,0.07601352657004831,1035,78.674,0.04014603174603175,630,25.292,0.40530679968989825,0.2987588101952582,1.2666327123875376,0.13493699552013153,,,0.2097390869259242
AA_base_ens2,R2R3,500,1.8271174414157867,0.3337147652741826,4.325147331253138,2.6012832674913047,0.15402666666666667,1275,196.38400000000001,0.0733256038647343,1035,75.892,0.03940952380952381,630,24.828,0.40278363074241086,0.30094516481371963,1.277090988680849,0.1388589167205865,,,0.21011167416214185
AA_base_ens3,R2R3,500,1.826035793542862,0.32048796166711796,4.3040079979784815,2.5879520036808286,0.15460392156862746,1275,197.12,0.07311884057971016,1035,75.67800000000001,0.036222222222222225,630,22.820000000000004,0.4095943654974439,0.30388225621379883,1.2966881169970883,0.13741826874505747,,,0.20854825342706174
AA_expanded_raw,full,2090,3.2754788762644718,0.6801605254109017,4.538267188631171,2.6596826554151733,0.06119971240770952,6555,401.1641148325359,0.029398262507432427,5995,176.2425837320574,0.01419921705089169,4950,70.28612440191387,0.4892799052297442,0.39204251159974574,1.3538218999678746,0.16465420945622125,0.025079224529605443,7.249784811261119,0.3432732057005327
AA_expanded_ens1,full,500,3.175840888738632,0.6434078286909177,6.022625452934644,2.8938914214577025,0.06358382913806256,6555,416.79200000000003,0.031042869057547964,5995,186.10200000000003,0.016717171717171717,4950,82.75,0.39565306722678145,0.30654385721275457,1.3383182008174008,0.15591602178195343,0.04119568622182544,2.805945981087471,0.29143020294285105
AA_expanded_ens2,full,500,3.1760805888175963,0.6393710491739567,5.991979170071969,2.987123914732649,0.06331197559115181,6555,415.0100000000001,0.030771976647206007,5995,184.478,0.016290505050505052,4950,80.638,0.3988045720380002,0.31038508862092046,1.3210917542685858,0.15570038535847244,0.04038439914582141,2.770736350596825,0.2900020755005421
AA_expanded_ens3,full,500,3.1639938247203827,0.637819196560442,6.029812716897118,2.84862571468803,0.06353653699466058,6555,416.4820000000001,0.030994829024186824,5995,185.81400000000002,0.016406060606060608,4950,81.21000000000001,0.3952724817325704,0.3071108121578741,1.3333414191545108,0.1583903460634424,0.040640008575269025,2.861516542363899,0.2927871556401153
AA_expanded_raw,R2R3,2090,1.8754068445360832,0.3398724921585114,3.183502524740409,2.4236064146338867,0.1502129655690027,1275,191.52153110047846,0.07122807017543858,1035,73.72105263157894,0.03324143692564746,630,20.9421052631579,0.5218178742558796,0.4034832055114146,1.2753693080443678,0.1461836136073364,,,0.2747102379486474
AA_expanded_ens1,R2R3,500,1.83212331366539,0.3402583623408619,4.378019291529603,2.6284024854448336,0.154641568627451,1275,197.168,0.07423574879227053,1035,76.834,0.038841269841269836,630,24.47,0.4067585638133066,0.2982897787845288,1.2706768706953513,0.13800198130730137,,,0.2088175422559709
AA_expanded_ens2,R2R3,500,1.8278124730587006,0.31831038557292834,4.350500982983384,2.6236012809787814,0.15284392156862747,1275,194.87600000000003,0.07146280193236715,1035,73.964,0.03554285714285713,630,22.391999999999996,0.40766434634066157,0.29819201568876735,1.2739791773210083,0.140084943967211,,,0.2143820140843657
AA_expanded_ens3,R2R3,500,1.8293860039710998,0.34842815394194265,4.353473436129021,2.5854805522809223,0.15624470588235292,1275,199.212,0.07537971014492753,1035,78.018,0.03861587301587302,630,24.328000000000003,0.4001959601068146,0.2939803402420427,1.2692088135329245,0.140177019374049,,,0.20915630013211736
2022 apo WT MD,R2R3,57144,1.2491276572060388,0.25075244840139493,6.5473419292859125,3.7169636828779797,0.3848740039215687,1275,490.71435500000007,0.33371435555555556,1035,345.394358,0.3138702936507936,630,197.738285,,,,,,,
