ensemble,q_start_Ainv,q_end_Ainv,n_points,chi2_sum,chi2_per_point,fraction_total_chi2
WT_base_raw,0.0,0.04,28,1063.1057224449266,37.968061515890234,0.35557138758444706
WT_base_raw,0.04,0.1,35,1162.3661065287865,33.21046018653676,0.3887704869361972
WT_base_raw,0.1,0.25,30,566.1744134617446,18.872480448724822,0.18936538253826582
WT_base_raw,0.25,inf,51,198.20547107577733,3.8863817857995553,0.06629274294108985
WT_base_ens1,0.0,0.04,28,462.5392767838421,16.51925988513722,0.4053711544869954
WT_base_ens1,0.04,0.1,35,305.0845671280849,8.716701917945283,0.26737725724138395
WT_base_ens1,0.1,0.25,30,278.18534964421053,9.272844988140351,0.24380268229489616
WT_base_ens1,0.25,inf,51,95.21742282754188,1.8670082907361154,0.08344890597672462
WT_base_ens2,0.0,0.04,28,468.9619385174445,16.7486406613373,0.4099866714759816
WT_base_ens2,0.04,0.1,35,300.3523349197252,8.58149528342072,0.26258091318256693
WT_base_ens2,0.1,0.25,30,277.3127627666874,9.24375875888958,0.2424387295138526
WT_base_ens2,0.25,inf,51,97.2197547885127,1.9062697017355432,0.08499368582759893
WT_base_ens3,0.0,0.04,28,464.4914331466145,16.58897975523623,0.4170084765631706
WT_base_ens3,0.04,0.1,35,300.17382280349256,8.576394937242645,0.2694883470798409
WT_base_ens3,0.1,0.25,30,254.78897954408257,8.492965984802753,0.22874300067279318
WT_base_ens3,0.25,inf,51,94.41145130139033,1.8512049274782418,0.0847601756841954
WT_expanded_raw,0.0,0.04,28,1062.7625598829952,37.95580571010697,0.3552314459159754
WT_expanded_raw,0.04,0.1,35,1164.5951545132764,33.2741472718079,0.3892692839029221
WT_expanded_raw,0.1,0.25,30,564.157299368252,18.805243312275067,0.18857120183147932
WT_expanded_raw,0.25,inf,51,200.23183776386176,3.9261144659580736,0.06692806834962318
WT_expanded_ens1,0.0,0.04,28,439.6039418099388,15.700140778926386,0.4160573218641932
WT_expanded_ens1,0.04,0.1,35,277.0707269594419,7.916306484555483,0.262229915753463
WT_expanded_ens1,0.1,0.25,30,249.1763053207683,8.30587684402561,0.23582961025539537
WT_expanded_ens1,0.25,inf,51,90.74367935866485,1.7792878305620559,0.08588315212694844
WT_expanded_ens2,0.0,0.04,28,435.39180560760406,15.549707343128716,0.40840557350517226
WT_expanded_ens2,0.04,0.1,35,273.6749884080167,7.819285383086192,0.25671220531773226
WT_expanded_ens2,0.1,0.25,30,270.9173606970095,9.030578689900317,0.25412549947641316
WT_expanded_ens2,0.25,inf,51,86.09288696635663,1.6880958228697378,0.0807567217006823
WT_expanded_ens3,0.0,0.04,28,465.63445116563616,16.62980182734415,0.4094193484101034
WT_expanded_ens3,0.04,0.1,35,308.52775146621155,8.81507861332033,0.2712798218764035
WT_expanded_ens3,0.1,0.25,30,269.68497162179364,8.989499054059788,0.23712645205050617
WT_expanded_ens3,0.25,inf,51,93.45728625569377,1.832495808935172,0.08217437766298699
AA_base_raw,0.0,0.04,28,30.19043143082643,1.0782296939580867,0.030565114352676948
AA_base_raw,0.04,0.1,35,140.25182510464913,4.007195002989975,0.14199244162235217
AA_base_raw,0.1,0.25,30,498.34811127174765,16.611603709058254,0.5045329359854259
AA_base_raw,0.25,inf,51,318.9511168956566,6.253943468542286,0.3229095080395449
AA_base_ens1,0.0,0.04,28,73.07781160208378,2.6099218429315636,0.17799113804168157
AA_base_ens1,0.04,0.1,35,24.696729568572692,0.7056208448163627,0.06015230759445123
AA_base_ens1,0.1,0.25,30,87.9336853855141,2.9311228461838033,0.21417467752305466
AA_base_ens1,0.25,inf,51,224.8617175776244,4.409053285835773,0.5476818768408126
AA_base_ens2,0.0,0.04,28,71.77356195489162,2.5633414983889864,0.17090414154045605
AA_base_ens2,0.04,0.1,35,29.17505023779585,0.8335728639370243,0.06947038407295258
AA_base_ens2,0.1,0.25,30,92.91498528005998,3.0971661760019993,0.22124519618397612
AA_base_ens2,0.25,inf,51,226.10025657991486,4.433338364312056,0.5383802782026154
AA_base_ens3,0.0,0.04,28,77.46299735629663,2.7665356198677364,0.18249439612080992
AA_base_ens3,0.04,0.1,35,25.706536154245388,0.7344724615498682,0.06056180307933107
AA_base_ens3,0.1,0.25,30,95.58251467014472,3.186083822338157,0.22518200805224364
AA_base_ens3,0.25,inf,51,225.71576564202763,4.425799326314268,0.5317617927476155
AA_expanded_raw,0.0,0.04,28,31.949577965001744,1.1410563558929194,0.03060395238997525
AA_expanded_raw,0.04,0.1,35,159.19149808124195,4.5483285166069125,0.15248680384773586
AA_expanded_raw,0.1,0.25,30,529.7736794433047,17.659122648110156,0.5074611151641866
AA_expanded_raw,0.25,inf,51,323.05425733205277,6.33439720258927,0.30944812859810233
AA_expanded_ens1,0.0,0.04,28,77.93522292433546,2.7834008187262667,0.19288212585392928
AA_expanded_ens1,0.04,0.1,35,22.382471797875997,0.6394991942250284,0.05539444913670596
AA_expanded_ens1,0.1,0.25,30,80.93971519763191,2.6979905065877303,0.20031795313510295
AA_expanded_ens1,0.25,inf,51,222.79881135675254,4.36860414425005,0.5514054718742619
AA_expanded_ens2,0.0,0.04,28,73.75926118271659,2.634259327954164,0.18486677429135753
AA_expanded_ens2,0.04,0.1,35,26.110616609820703,0.7460176174234486,0.06544243244869925
AA_expanded_ens2,0.1,0.25,30,81.21475666837837,2.7071585556126125,0.20355288067417246
AA_expanded_ens2,0.25,inf,51,217.9014000250272,4.272576471078964,0.5461379125857708
AA_expanded_ens3,0.0,0.04,28,74.22477738799924,2.6508849067142584,0.1801317012643945
AA_expanded_ens3,0.04,0.1,35,28.879689179427878,0.8251339765550822,0.07008640142743439
AA_expanded_ens3,0.1,0.25,30,88.01404732136014,2.9338015773786714,0.21359606100650752
AA_expanded_ens3,0.25,inf,51,220.93986821161417,4.332154278659101,0.5361858363016635
WT_aggressive_raw,0.0,0.04,28,768.2430424798908,27.437251517138957,0.07246782975097102
WT_aggressive_raw,0.04,0.1,35,7895.2290138279195,225.57797182365485,0.7447514398205367
WT_aggressive_raw,0.1,0.25,30,1894.8688741193973,63.16229580397991,0.17874165775304493
WT_aggressive_raw,0.25,inf,51,42.81885481662804,0.8395853885613341,0.004039072675447195
WT_aggressive_ens1,0.0,0.04,28,115.50589537809766,4.1252105492177735,0.031109444717986195
WT_aggressive_ens1,0.04,0.1,35,2173.6180969386846,62.10337419824813,0.5854251144790532
WT_aggressive_ens1,0.1,0.25,30,1391.8811372666978,46.39603790888993,0.37487826185897694
WT_aggressive_ens1,0.25,inf,51,31.883236801180598,0.6251615059055019,0.008587178943983755
WT_aggressive_ens2,0.0,0.04,28,83.2353316262917,2.9726904152247036,0.02289956074385756
WT_aggressive_ens2,0.04,0.1,35,1998.4013138812775,57.097180396607925,0.5497967195384369
WT_aggressive_ens2,0.1,0.25,30,1521.4040548880016,50.71346849626672,0.41856605710758277
WT_aggressive_ens2,0.25,inf,51,31.7596591972753,0.622738415632849,0.008737662610122795
AA_aggressive_raw,0.0,0.04,28,51.054280564501326,1.8233671630179045,0.03861471194673249
AA_aggressive_raw,0.04,0.1,35,153.35533115339388,4.381580890096968,0.11598972451492258
AA_aggressive_raw,0.1,0.25,30,760.0171381224341,25.333904604081134,0.5748360869780565
AA_aggressive_raw,0.25,inf,51,357.719085014758,7.014099706171725,0.2705594765602885
AA_aggressive_ens1,0.0,0.04,28,51.39209268794889,1.8354318817124604,0.04465614450230733
AA_aggressive_ens1,0.04,0.1,35,32.20339522499484,0.9200970064284241,0.02798250461144393
AA_aggressive_ens1,0.1,0.25,30,698.6763673632383,23.289212245441277,0.6071010381065135
AA_aggressive_ens1,0.25,inf,51,368.56848843717876,7.226833106611348,0.320260312779735
AA_aggressive_ens2,0.0,0.04,28,29.353438519192395,1.048337089971157,0.0219227305739659
AA_aggressive_ens2,0.04,0.1,35,58.67621763938107,1.6764633611251736,0.043822563055652804
AA_aggressive_ens2,0.1,0.25,30,839.1125468664258,27.97041822888086,0.6266944935312848
AA_aggressive_ens2,0.25,inf,51,411.8077247750872,8.07466127009975,0.30756021283909624
