frame,forward_s1,forward_s2,forward_s3,forward_s4,backward_s1,backward_s2,backward_s3,backward_s4
1.550000000000000000e+02,5.236984591178642034e+01,8.075662293609967790e+00,8.075662293609967790e+00,8.075662293609967790e+00,7.061330019709564567e+02,1.348399151816327723e+01,1.189790899531849000e+01,1.129077333261136395e+01
1.560000000000000000e+02,8.450029584682935990e+01,8.075662293609967790e+00,7.701550792163750714e+00,7.701550792163750714e+00,7.042294998595979223e+02,1.337186845204217001e+01,1.185956700111058915e+01,1.125638381962748724e+01
1.570000000000000000e+02,1.186954633858766499e+02,8.782623974164595282e+00,7.701550792163750714e+00,7.078559477664599697e+00,7.011138520910481020e+02,1.313947760998657266e+01,1.159925329450494225e+01,1.124617153859265883e+01
1.580000000000000000e+02,1.566638874645921078e+02,8.822826948994901386e+00,8.183108198081919582e+00,7.078559477664599697e+00,6.961556168186164086e+02,1.261065573491689307e+01,1.152200145106884577e+01,1.116254714052440278e+01
1.590000000000000000e+02,1.982047497934926810e+02,8.870162178192577684e+00,8.415926666220654440e+00,7.672403845460915583e+00,6.886039173125086563e+02,1.260302785645092527e+01,1.152134583234879983e+01,1.101456462157303839e+01
1.600000000000000000e+02,2.423222494066793899e+02,1.014860393698040930e+01,8.860114517414368507e+00,8.021167114427683487e+00,6.778282660894926721e+02,1.217226308042832272e+01,1.149864572366156068e+01,1.070127300668451298e+01
1.610000000000000000e+02,2.876367025051309270e+02,1.014897459185082518e+01,9.452137546576691918e+00,8.837615993082859944e+00,6.633279101770159514e+02,1.205676732529730621e+01,1.144861959943260210e+01,1.062459211697209938e+01
1.620000000000000000e+02,3.328893471048544370e+02,1.037862051171392785e+01,9.502395648025524721e+00,8.841137308073868439e+00,6.449669735416911180e+02,1.205481826982693150e+01,1.142757202760798307e+01,1.052168403551521614e+01
1.630000000000000000e+02,3.770414988360955704e+02,1.062274816243276554e+01,1.005541691904396728e+01,9.067306167955742069e+00,6.228154678238826136e+02,1.173454827972632053e+01,1.139587557658148498e+01,1.045792011199616667e+01
1.640000000000000000e+02,4.184560764779084252e+02,1.062690425714481002e+01,1.005545058811978265e+01,9.187504673732773242e+00,5.971351401100431531e+02,1.152616793212420454e+01,1.105670727272234011e+01,9.949552150028981856e+00
1.650000000000000000e+02,4.586971693658262552e+02,1.064007707176641837e+01,1.041881879930040711e+01,9.841334652308347586e+00,5.689022918080178215e+02,1.152565603679415140e+01,1.042068742960262107e+01,9.891973091673259333e+00
1.660000000000000000e+02,4.954123312843115627e+02,1.112398806286569730e+01,1.064004700931695702e+01,9.885861611924294579e+00,5.369678805449502761e+02,1.106262810540052399e+01,1.039820965507730577e+01,9.697554142504342778e+00
1.670000000000000000e+02,5.288828202492845776e+02,1.164071118179979258e+01,1.064012656419763481e+01,1.000587051250705173e+01,5.032858687107917603e+02,1.100483471265112811e+01,1.009584360866305097e+01,9.079349792262213725e+00
1.680000000000000000e+02,5.587223802341048895e+02,1.168799718052594905e+01,1.071797196200138913e+01,1.004505017615073470e+01,4.679906645764433506e+02,1.089060507900852848e+01,9.719595229035812523e+00,8.910133697015837129e+00
1.690000000000000000e+02,5.849120686694946016e+02,1.178991383722737929e+01,1.083966030146578596e+01,1.043240966637563716e+01,4.319214439493223949e+02,1.027362899489514625e+01,9.588647251795135773e+00,8.795556530647203886e+00
1.700000000000000000e+02,6.080540667633914609e+02,1.267847485583086709e+01,1.095232228402147356e+01,1.043332358431095663e+01,3.957309667490396805e+02,1.002237392444914299e+01,9.575026385505365667e+00,8.685670245185372451e+00
1.710000000000000000e+02,6.277015382755620294e+02,1.270910925060507246e+01,1.102989155889865813e+01,1.043608699484490465e+01,3.591450992276427314e+02,9.857169325160514362e+00,8.748160270242452796e+00,8.500480692287569084e+00
1.720000000000000000e+02,6.446940680553886978e+02,1.271293228348562110e+01,1.104582616424557706e+01,1.043608769434294103e+01,3.235977170165626831e+02,8.893516548554798007e+00,8.567767464715156933e+00,8.096303626753345029e+00
1.730000000000000000e+02,6.589159463118533040e+02,1.278946383033273904e+01,1.105171869597154810e+01,1.076104162178073587e+01,2.882554747909738921e+02,8.799402206482913158e+00,8.296317725616320971e+00,8.088336754774617887e+00
1.740000000000000000e+02,6.707645420526625912e+02,1.279177928813054521e+01,1.122164954537351456e+01,1.094164918714882972e+01,2.540494126109495312e+02,8.347987352378185122e+00,8.181288281369758053e+00,7.700805007487786291e+00
1.750000000000000000e+02,6.804887022118066398e+02,1.306500890106640611e+01,1.123125784424885687e+01,1.111755259771702065e+01,2.208659157034544478e+02,8.204141682252759082e+00,7.704465795527052130e+00,7.588169992400965569e+00
1.760000000000000000e+02,6.882230144952605997e+02,1.308957005514233352e+01,1.124125235327216821e+01,1.111781460435752145e+01,1.887645258012278759e+02,8.111642572314911703e+00,7.678335237991144702e+00,7.586729200073518697e+00
1.770000000000000000e+02,6.943899133904495784e+02,1.318703595162152098e+01,1.130351287273011529e+01,1.117998756744081135e+01,1.582563398616786685e+02,7.924489629539926305e+00,7.675862844813790886e+00,6.756585937607430203e+00
1.780000000000000000e+02,6.994395186543615637e+02,1.322586864506114779e+01,1.157172492440618505e+01,1.126451194646517706e+01,1.285052298818683880e+02,7.859870746480912551e+00,7.657912349284569764e+00,6.756585937607430203e+00
1.790000000000000000e+02,7.031963772190769077e+02,1.338552746424885420e+01,1.175228107702578484e+01,1.127617031683894666e+01,9.733395186620944628e+01,7.814325601334947358e+00,7.657912349284569764e+00,7.657912349284569764e+00
1.800000000000000000e+02,7.061330019709563430e+02,1.348399151816327013e+01,1.189790899531850066e+01,1.129077333261136928e+01,6.480829256521865034e+01,7.814325601334947358e+00,7.814325601334947358e+00,7.814325601334947358e+00
