frame,component1,component2
1.200000000000000000e+02,7.078061603877630267e-03,0.000000000000000000e+00
1.210000000000000000e+02,8.477211806191348176e-03,0.000000000000000000e+00
1.220000000000000000e+02,1.119470340226856597e-02,0.000000000000000000e+00
1.230000000000000000e+02,9.015247263244357406e-03,0.000000000000000000e+00
1.240000000000000000e+02,1.114458240283087813e-02,0.000000000000000000e+00
1.250000000000000000e+02,1.114788011715395558e-02,0.000000000000000000e+00
1.260000000000000000e+02,2.466621719285359490e-02,0.000000000000000000e+00
1.270000000000000000e+02,1.874914823025485705e-02,0.000000000000000000e+00
1.280000000000000000e+02,1.671725988248964553e-02,0.000000000000000000e+00
1.290000000000000000e+02,2.430575952532950182e-02,0.000000000000000000e+00
1.300000000000000000e+02,2.524132782528443544e-02,0.000000000000000000e+00
1.310000000000000000e+02,2.163960465914416265e-02,0.000000000000000000e+00
1.320000000000000000e+02,3.169671005687651338e-02,0.000000000000000000e+00
1.330000000000000000e+02,2.381242858860916495e-02,0.000000000000000000e+00
1.340000000000000000e+02,2.685096645954791750e-02,0.000000000000000000e+00
1.350000000000000000e+02,3.203407436946590497e-02,0.000000000000000000e+00
1.360000000000000000e+02,3.477530841954926122e-02,0.000000000000000000e+00
1.370000000000000000e+02,3.285851341097372619e-02,0.000000000000000000e+00
1.380000000000000000e+02,3.788589701004570903e-02,0.000000000000000000e+00
1.390000000000000000e+02,4.256671054821542510e-02,0.000000000000000000e+00
1.400000000000000000e+02,4.482237729635629719e-02,0.000000000000000000e+00
1.410000000000000000e+02,3.784999386955287259e-02,0.000000000000000000e+00
1.420000000000000000e+02,4.012724745654448755e-02,0.000000000000000000e+00
1.430000000000000000e+02,3.870226095054797588e-02,0.000000000000000000e+00
1.440000000000000000e+02,3.540665335575141071e-02,0.000000000000000000e+00
1.450000000000000000e+02,4.015358777715820338e-02,0.000000000000000000e+00
1.460000000000000000e+02,3.989369878164612804e-02,0.000000000000000000e+00
1.470000000000000000e+02,3.633760162628644347e-02,0.000000000000000000e+00
1.480000000000000000e+02,2.393976037878283239e-02,0.000000000000000000e+00
1.490000000000000000e+02,2.688805692198392369e-02,0.000000000000000000e+00
1.500000000000000000e+02,2.262949982489358483e-02,4.259646705256307959e-03
1.510000000000000000e+02,2.400405653932208977e-02,3.000411528964957476e-03
1.520000000000000000e+02,2.396829518620548910e-02,2.962681583727318647e-03
1.530000000000000000e+02,1.636095940276383054e-02,5.541803479709251148e-03
1.540000000000000000e+02,1.713705956334197339e-02,6.124778614007506290e-03
1.550000000000000000e+02,9.079433432191905129e-03,1.077466779098241491e-02
1.560000000000000000e+02,1.313327179730982945e-02,1.328391054865425344e-02
1.570000000000000000e+02,1.598239641960643928e-02,1.688268387197336406e-02
1.580000000000000000e+02,5.715009587468574716e-03,2.505462230333990736e-02
1.590000000000000000e+02,1.257757862774544141e-02,2.793421633169065887e-02
1.600000000000000000e+02,7.191614475036364230e-03,3.435180739833921387e-02
1.610000000000000000e+02,6.341128887696142850e-03,3.869365431402597977e-02
1.620000000000000000e+02,4.492954594789005766e-03,4.256602413332867541e-02
1.630000000000000000e+02,5.407890472812157748e-03,4.475679441903929190e-02
1.640000000000000000e+02,0.000000000000000000e+00,4.495085285243877876e-02
1.650000000000000000e+02,0.000000000000000000e+00,4.833312659638101111e-02
1.660000000000000000e+02,0.000000000000000000e+00,4.740317340979479516e-02
1.670000000000000000e+02,0.000000000000000000e+00,4.867484900127444503e-02
1.680000000000000000e+02,0.000000000000000000e+00,4.635490881421631959e-02
1.690000000000000000e+02,0.000000000000000000e+00,4.483693010044068061e-02
1.700000000000000000e+02,0.000000000000000000e+00,4.672085388907125381e-02
1.710000000000000000e+02,0.000000000000000000e+00,3.952285350761965133e-02
1.720000000000000000e+02,0.000000000000000000e+00,3.881212837186021058e-02
1.730000000000000000e+02,0.000000000000000000e+00,3.704877918060515973e-02
1.740000000000000000e+02,0.000000000000000000e+00,3.302102544675726559e-02
1.750000000000000000e+02,0.000000000000000000e+00,3.171317770746426290e-02
1.760000000000000000e+02,0.000000000000000000e+00,2.701611166511503487e-02
1.770000000000000000e+02,0.000000000000000000e+00,2.502929220314305953e-02
1.780000000000000000e+02,0.000000000000000000e+00,2.345474776668380126e-02
1.790000000000000000e+02,0.000000000000000000e+00,1.883257738545218024e-02
1.800000000000000000e+02,0.000000000000000000e+00,1.840946946408793250e-02
1.810000000000000000e+02,0.000000000000000000e+00,1.586196351118345643e-02
1.820000000000000000e+02,0.000000000000000000e+00,1.281070889535066218e-02
1.830000000000000000e+02,0.000000000000000000e+00,1.177425689728188278e-02
1.840000000000000000e+02,0.000000000000000000e+00,1.014604097987479962e-02
1.850000000000000000e+02,0.000000000000000000e+00,8.869434438228674528e-03
1.860000000000000000e+02,0.000000000000000000e+00,7.528340828355802906e-03
1.870000000000000000e+02,0.000000000000000000e+00,6.800472231057650557e-03
1.880000000000000000e+02,0.000000000000000000e+00,5.317580223399567645e-03
1.890000000000000000e+02,0.000000000000000000e+00,5.004437439041272556e-03
1.900000000000000000e+02,0.000000000000000000e+00,3.687671024900218610e-03
1.910000000000000000e+02,0.000000000000000000e+00,2.724581637700108656e-03
1.920000000000000000e+02,0.000000000000000000e+00,2.936138272831920713e-03
1.930000000000000000e+02,0.000000000000000000e+00,3.257678188553147450e-03
1.940000000000000000e+02,0.000000000000000000e+00,9.352201104527933491e-04
1.950000000000000000e+02,0.000000000000000000e+00,1.029885921124979809e-03
1.960000000000000000e+02,0.000000000000000000e+00,1.117517001492402068e-03
1.970000000000000000e+02,0.000000000000000000e+00,2.448002085735190118e-04
1.980000000000000000e+02,0.000000000000000000e+00,9.716275433894040834e-04
1.990000000000000000e+02,0.000000000000000000e+00,4.780015827533107015e-04
2.000000000000000000e+02,0.000000000000000000e+00,1.707769712396349810e-05
2.010000000000000000e+02,0.000000000000000000e+00,0.000000000000000000e+00
2.020000000000000000e+02,0.000000000000000000e+00,0.000000000000000000e+00
2.030000000000000000e+02,0.000000000000000000e+00,1.323326794284617131e-03
2.040000000000000000e+02,0.000000000000000000e+00,8.406781876008416303e-04
2.050000000000000000e+02,0.000000000000000000e+00,0.000000000000000000e+00
