frame,other_coefficient,main_candidate_coefficient
1.450000000000000000e+02,1.254461675817641203e-02,0.000000000000000000e+00
1.460000000000000000e+02,0.000000000000000000e+00,0.000000000000000000e+00
1.470000000000000000e+02,0.000000000000000000e+00,0.000000000000000000e+00
1.480000000000000000e+02,1.673938423214143406e-02,0.000000000000000000e+00
1.490000000000000000e+02,4.932334032283222126e-03,0.000000000000000000e+00
1.500000000000000000e+02,0.000000000000000000e+00,0.000000000000000000e+00
1.510000000000000000e+02,1.136790610678540051e-02,0.000000000000000000e+00
1.520000000000000000e+02,1.179321911912082320e-02,0.000000000000000000e+00
1.530000000000000000e+02,0.000000000000000000e+00,0.000000000000000000e+00
1.540000000000000000e+02,0.000000000000000000e+00,0.000000000000000000e+00
1.550000000000000000e+02,0.000000000000000000e+00,0.000000000000000000e+00
1.560000000000000000e+02,0.000000000000000000e+00,0.000000000000000000e+00
1.570000000000000000e+02,5.769983016194977880e-03,0.000000000000000000e+00
1.580000000000000000e+02,0.000000000000000000e+00,0.000000000000000000e+00
1.590000000000000000e+02,1.087332501689582294e-02,0.000000000000000000e+00
1.600000000000000000e+02,0.000000000000000000e+00,6.718387480323237057e-04
1.610000000000000000e+02,1.460601676866129031e-02,1.081324992625753989e-03
1.620000000000000000e+02,2.117236505589647003e-02,2.445705686505235312e-03
1.630000000000000000e+02,0.000000000000000000e+00,4.374285219773441091e-03
1.640000000000000000e+02,1.567544103304547784e-02,7.142807985451441084e-03
1.650000000000000000e+02,0.000000000000000000e+00,1.089143142799818553e-02
1.660000000000000000e+02,0.000000000000000000e+00,1.484380485739146723e-02
1.670000000000000000e+02,1.555633555376997705e-02,1.895448909676465676e-02
1.680000000000000000e+02,1.599774198313077059e-02,2.350113185153472964e-02
1.690000000000000000e+02,0.000000000000000000e+00,2.715142144313580780e-02
1.700000000000000000e+02,5.764957515805888694e-02,3.110701221756499366e-02
1.710000000000000000e+02,3.494985393427167686e-02,3.404539204584181716e-02
1.720000000000000000e+02,4.682803660000292578e-02,3.680807573781014197e-02
1.730000000000000000e+02,5.733934283762592149e-02,3.921712923416737634e-02
1.740000000000000000e+02,5.045193043944846967e-02,4.087370021633258271e-02
1.750000000000000000e+02,6.495137260575142846e-02,4.194243961133888726e-02
1.760000000000000000e+02,8.817418185178724221e-02,4.286931946262650256e-02
1.770000000000000000e+02,6.106771833295261687e-02,4.328428813835102223e-02
1.780000000000000000e+02,8.204520583914447218e-02,4.296985909493164502e-02
1.790000000000000000e+02,7.059740047284396303e-02,4.240679090942053864e-02
1.800000000000000000e+02,8.386586071622199878e-02,4.140607467611336079e-02
1.810000000000000000e+02,6.030107713723274060e-02,4.016981860308158764e-02
1.820000000000000000e+02,3.743735913361145168e-02,3.834175064841918723e-02
1.830000000000000000e+02,2.397293066395231667e-02,3.640161909070416257e-02
1.840000000000000000e+02,2.116937016560162255e-03,3.426218367710640728e-02
1.850000000000000000e+02,2.122254858443169481e-02,3.225230752289536679e-02
1.860000000000000000e+02,0.000000000000000000e+00,2.970321450542040553e-02
1.870000000000000000e+02,0.000000000000000000e+00,2.765271176560438887e-02
1.880000000000000000e+02,0.000000000000000000e+00,2.524888563914377826e-02
1.890000000000000000e+02,0.000000000000000000e+00,2.296574138966227599e-02
1.900000000000000000e+02,0.000000000000000000e+00,2.072295811152687420e-02
1.910000000000000000e+02,0.000000000000000000e+00,1.888781952919929910e-02
1.920000000000000000e+02,0.000000000000000000e+00,1.682089356816941078e-02
1.930000000000000000e+02,0.000000000000000000e+00,1.492178384433020394e-02
1.940000000000000000e+02,0.000000000000000000e+00,1.307369349029032304e-02
1.950000000000000000e+02,0.000000000000000000e+00,1.147557709724842008e-02
1.960000000000000000e+02,0.000000000000000000e+00,1.010952781590497562e-02
1.970000000000000000e+02,0.000000000000000000e+00,8.700178621100644258e-03
1.980000000000000000e+02,0.000000000000000000e+00,7.543799393593109831e-03
1.990000000000000000e+02,0.000000000000000000e+00,6.518299219164476466e-03
2.000000000000000000e+02,0.000000000000000000e+00,5.694740776159275090e-03
2.010000000000000000e+02,0.000000000000000000e+00,4.885763391294531063e-03
2.020000000000000000e+02,0.000000000000000000e+00,4.114364111062458404e-03
2.030000000000000000e+02,0.000000000000000000e+00,3.622764856861763506e-03
2.040000000000000000e+02,0.000000000000000000e+00,3.209853508410205787e-03
2.050000000000000000e+02,0.000000000000000000e+00,2.631567016369301334e-03
2.060000000000000000e+02,0.000000000000000000e+00,2.189134275735770286e-03
2.070000000000000000e+02,0.000000000000000000e+00,1.853310212730421326e-03
2.080000000000000000e+02,0.000000000000000000e+00,1.598636040868518923e-03
2.090000000000000000e+02,0.000000000000000000e+00,1.337229158168665123e-03
2.100000000000000000e+02,0.000000000000000000e+00,1.132951775617392675e-03
2.110000000000000000e+02,0.000000000000000000e+00,1.065892273881503772e-03
2.120000000000000000e+02,0.000000000000000000e+00,8.604191574462333137e-04
2.130000000000000000e+02,0.000000000000000000e+00,8.482603168173607436e-04
2.140000000000000000e+02,0.000000000000000000e+00,6.273361101091845049e-04
2.150000000000000000e+02,0.000000000000000000e+00,5.666908321904407008e-04
